Timetable_ID,Course_ID,Subject_ID,Section_ID,Faculty_ID,Room_ID,Day,Period,Time_Slot
TT001,CRS007,SUB007,SEC001,FAC007,ROOM007,Monday,1,09:00-10:00
TT002,CRS004,SUB004,SEC001,FAC004,ROOM007,Monday,2,10:00-11:00
TT003,CRS010,SUB010,SEC001,FAC010,ROOM007,Monday,3,11:15-12:15
TT004,CRS005,SUB005,SEC001,FAC005,ROOM007,Monday,4,12:15-01:15
TT005,CRS004,SUB004,SEC001,FAC004,ROOM007,Monday,5,02:00-03:00
TT006,CRS007,SUB007,SEC001,FAC007,ROOM007,Monday,6,03:00-04:00
TT007,CRS006,SUB006,SEC001,FAC006,ROOM007,Tuesday,1,09:00-10:00
TT008,CRS008,SUB008,SEC001,FAC008,ROOM007,Tuesday,2,10:00-11:00
TT009,CRS005,SUB005,SEC001,FAC005,ROOM007,Tuesday,3,11:15-12:15
TT010,CRS009,SUB009,SEC001,FAC009,ROOM007,Tuesday,4,12:15-01:15
TT011,CRS007,SUB007,SEC001,FAC007,ROOM007,Tuesday,5,02:00-03:00
TT012,CRS007,SUB007,SEC001,FAC007,ROOM007,Tuesday,6,03:00-04:00
TT013,CRS002,SUB002,SEC001,FAC002,ROOM007,Wednesday,1,09:00-10:00
TT014,CRS001,SUB001,SEC001,FAC001,ROOM007,Wednesday,2,10:00-11:00
TT015,CRS003,SUB003,SEC001,FAC003,ROOM007,Wednesday,3,11:15-12:15
TT016,CRS001,SUB001,SEC001,FAC001,ROOM007,Wednesday,4,12:15-01:15
TT017,CRS002,SUB002,SEC001,FAC002,ROOM007,Wednesday,5,02:00-03:00
TT018,CRS003,SUB003,SEC001,FAC003,ROOM007,Wednesday,6,03:00-04:00
TT019,CRS009,SUB009,SEC001,FAC009,ROOM007,Thursday,1,09:00-10:00
TT020,CRS003,SUB003,SEC001,FAC003,ROOM007,Thursday,2,10:00-11:00
TT021,CRS009,SUB009,SEC001,FAC009,ROOM007,Thursday,3,11:15-12:15
TT022,CRS004,SUB004,SEC001,FAC004,ROOM007,Thursday,4,12:15-01:15
TT023,CRS004,SUB004,SEC001,FAC004,ROOM007,Thursday,5,02:00-03:00
TT024,CRS002,SUB002,SEC001,FAC002,ROOM007,Thursday,6,03:00-04:00
TT025,CRS003,SUB003,SEC001,FAC003,ROOM007,Friday,1,09:00-10:00
TT026,CRS003,SUB003,SEC001,FAC003,ROOM007,Friday,2,10:00-11:00
TT027,CRS005,SUB005,SEC001,FAC005,ROOM007,Friday,3,11:15-12:15
TT028,CRS006,SUB006,SEC001,FAC006,ROOM007,Friday,4,12:15-01:15
TT029,CRS001,SUB001,SEC001,FAC001,ROOM007,Friday,5,02:00-03:00
TT030,CRS010,SUB010,SEC001,FAC010,ROOM007,Friday,6,03:00-04:00
TT031,CRS018,SUB008,SEC002,FAC008,ROOM008,Monday,1,09:00-10:00
TT032,CRS018,SUB008,SEC002,FAC008,ROOM008,Monday,2,10:00-11:00
TT033,CRS014,SUB004,SEC002,FAC004,ROOM008,Monday,3,11:15-12:15
TT034,CRS020,SUB010,SEC002,FAC010,ROOM008,Monday,4,12:15-01:15
TT035,CRS015,SUB005,SEC002,FAC005,ROOM008,Monday,5,02:00-03:00
TT036,CRS012,SUB002,SEC002,FAC002,ROOM008,Monday,6,03:00-04:00
TT037,CRS013,SUB003,SEC002,FAC003,ROOM008,Tuesday,1,09:00-10:00
TT038,CRS011,SUB001,SEC002,FAC001,ROOM008,Tuesday,2,10:00-11:00
TT039,CRS012,SUB002,SEC002,FAC002,ROOM008,Tuesday,3,11:15-12:15
TT040,CRS015,SUB005,SEC002,FAC005,ROOM008,Tuesday,4,12:15-01:15
TT041,CRS016,SUB006,SEC002,FAC006,ROOM008,Tuesday,5,02:00-03:00
TT042,CRS014,SUB004,SEC002,FAC004,ROOM008,Tuesday,6,03:00-04:00
TT043,CRS016,SUB006,SEC002,FAC006,ROOM008,Wednesday,1,09:00-10:00
TT044,CRS012,SUB002,SEC002,FAC002,ROOM008,Wednesday,2,10:00-11:00
TT045,CRS013,SUB003,SEC002,FAC003,ROOM008,Wednesday,3,11:15-12:15
TT046,CRS018,SUB008,SEC002,FAC008,ROOM008,Wednesday,4,12:15-01:15
TT047,CRS011,SUB001,SEC002,FAC001,ROOM008,Wednesday,5,02:00-03:00
TT048,CRS018,SUB008,SEC002,FAC008,ROOM008,Wednesday,6,03:00-04:00
TT049,CRS014,SUB004,SEC002,FAC004,ROOM008,Thursday,1,09:00-10:00
TT050,CRS020,SUB010,SEC002,FAC010,ROOM008,Thursday,2,10:00-11:00
TT051,CRS012,SUB002,SEC002,FAC002,ROOM008,Thursday,3,11:15-12:15
TT052,CRS016,SUB006,SEC002,FAC006,ROOM008,Thursday,4,12:15-01:15
TT053,CRS017,SUB007,SEC002,FAC007,ROOM008,Thursday,5,02:00-03:00
TT054,CRS020,SUB010,SEC002,FAC010,ROOM008,Thursday,6,03:00-04:00
TT055,CRS013,SUB003,SEC002,FAC003,ROOM008,Friday,1,09:00-10:00
TT056,CRS018,SUB008,SEC002,FAC008,ROOM008,Friday,2,10:00-11:00
TT057,CRS019,SUB009,SEC002,FAC009,ROOM008,Friday,3,11:15-12:15
TT058,CRS020,SUB010,SEC002,FAC010,ROOM008,Friday,4,12:15-01:15
TT059,CRS011,SUB001,SEC002,FAC001,ROOM008,Friday,5,02:00-03:00
TT060,CRS013,SUB003,SEC002,FAC003,ROOM008,Friday,6,03:00-04:00
TT061,CRS030,SUB010,SEC003,FAC010,ROOM009,Monday,1,09:00-10:00
TT062,CRS029,SUB009,SEC003,FAC009,ROOM009,Monday,2,10:00-11:00
TT063,CRS026,SUB006,SEC003,FAC006,ROOM009,Monday,3,11:15-12:15
TT064,CRS027,SUB007,SEC003,FAC007,ROOM009,Monday,4,12:15-01:15
TT065,CRS028,SUB008,SEC003,FAC008,ROOM009,Monday,5,02:00-03:00
TT066,CRS022,SUB002,SEC003,FAC002,ROOM009,Monday,6,03:00-04:00
TT067,CRS021,SUB001,SEC003,FAC001,ROOM009,Tuesday,1,09:00-10:00
TT068,CRS024,SUB004,SEC003,FAC004,ROOM009,Tuesday,2,10:00-11:00
TT069,CRS024,SUB004,SEC003,FAC004,ROOM009,Tuesday,3,11:15-12:15
TT070,CRS025,SUB005,SEC003,FAC005,ROOM009,Tuesday,4,12:15-01:15
TT071,CRS023,SUB003,SEC003,FAC003,ROOM009,Tuesday,5,02:00-03:00
TT072,CRS021,SUB001,SEC003,FAC001,ROOM009,Tuesday,6,03:00-04:00
TT073,CRS029,SUB009,SEC003,FAC009,ROOM009,Wednesday,1,09:00-10:00
TT074,CRS027,SUB007,SEC003,FAC007,ROOM009,Wednesday,2,10:00-11:00
TT075,CRS029,SUB009,SEC003,FAC009,ROOM009,Wednesday,3,11:15-12:15
TT076,CRS025,SUB005,SEC003,FAC005,ROOM009,Wednesday,4,12:15-01:15
TT077,CRS022,SUB002,SEC003,FAC002,ROOM009,Wednesday,5,02:00-03:00
TT078,CRS023,SUB003,SEC003,FAC003,ROOM009,Wednesday,6,03:00-04:00
TT079,CRS023,SUB003,SEC003,FAC003,ROOM009,Thursday,1,09:00-10:00
TT080,CRS026,SUB006,SEC003,FAC006,ROOM009,Thursday,2,10:00-11:00
TT081,CRS025,SUB005,SEC003,FAC005,ROOM009,Thursday,3,11:15-12:15
TT082,CRS028,SUB008,SEC003,FAC008,ROOM009,Thursday,4,12:15-01:15
TT083,CRS022,SUB002,SEC003,FAC002,ROOM009,Thursday,5,02:00-03:00
TT084,CRS025,SUB005,SEC003,FAC005,ROOM009,Thursday,6,03:00-04:00
TT085,CRS027,SUB007,SEC003,FAC007,ROOM009,Friday,1,09:00-10:00
TT086,CRS027,SUB007,SEC003,FAC007,ROOM009,Friday,2,10:00-11:00
TT087,CRS024,SUB004,SEC003,FAC004,ROOM009,Friday,3,11:15-12:15
TT088,CRS030,SUB010,SEC003,FAC010,ROOM009,Friday,4,12:15-01:15
TT089,CRS030,SUB010,SEC003,FAC010,ROOM009,Friday,5,02:00-03:00
TT090,CRS028,SUB008,SEC003,FAC008,ROOM009,Friday,6,03:00-04:00
TT091,CRS039,SUB019,SEC004,FAC019,ROOM010,Monday,1,09:00-10:00
TT092,CRS039,SUB019,SEC004,FAC019,ROOM010,Monday,2,10:00-11:00
TT093,CRS035,SUB015,SEC004,FAC015,ROOM010,Monday,3,11:15-12:15
TT094,CRS034,SUB014,SEC004,FAC014,ROOM010,Monday,4,12:15-01:15
TT095,CRS039,SUB019,SEC004,FAC019,ROOM010,Monday,5,02:00-03:00
TT096,CRS031,SUB011,SEC004,FAC011,ROOM010,Monday,6,03:00-04:00
TT097,CRS031,SUB011,SEC004,FAC011,ROOM010,Tuesday,1,09:00-10:00
TT098,CRS034,SUB014,SEC004,FAC014,ROOM010,Tuesday,2,10:00-11:00
TT099,CRS038,SUB018,SEC004,FAC018,ROOM010,Tuesday,3,11:15-12:15
TT100,CRS038,SUB018,SEC004,FAC018,ROOM010,Tuesday,4,12:15-01:15
TT101,CRS039,SUB019,SEC004,FAC019,ROOM010,Tuesday,5,02:00-03:00
TT102,CRS033,SUB013,SEC004,FAC013,ROOM010,Tuesday,6,03:00-04:00
TT103,CRS038,SUB018,SEC004,FAC018,ROOM010,Wednesday,1,09:00-10:00
TT104,CRS033,SUB013,SEC004,FAC013,ROOM010,Wednesday,2,10:00-11:00
TT105,CRS036,SUB016,SEC004,FAC016,ROOM010,Wednesday,3,11:15-12:15
TT106,CRS035,SUB015,SEC004,FAC015,ROOM010,Wednesday,4,12:15-01:15
TT107,CRS031,SUB011,SEC004,FAC011,ROOM010,Wednesday,5,02:00-03:00
TT108,CRS040,SUB020,SEC004,FAC020,ROOM010,Wednesday,6,03:00-04:00
TT109,CRS035,SUB015,SEC004,FAC015,ROOM010,Thursday,1,09:00-10:00
TT110,CRS037,SUB017,SEC004,FAC017,ROOM010,Thursday,2,10:00-11:00
TT111,CRS032,SUB012,SEC004,FAC012,ROOM010,Thursday,3,11:15-12:15
TT112,CRS037,SUB017,SEC004,FAC017,ROOM010,Thursday,4,12:15-01:15
TT113,CRS037,SUB017,SEC004,FAC017,ROOM010,Thursday,5,02:00-03:00
TT114,CRS036,SUB016,SEC004,FAC016,ROOM010,Thursday,6,03:00-04:00
TT115,CRS038,SUB018,SEC004,FAC018,ROOM010,Friday,1,09:00-10:00
TT116,CRS032,SUB012,SEC004,FAC012,ROOM010,Friday,2,10:00-11:00
TT117,CRS032,SUB012,SEC004,FAC012,ROOM010,Friday,3,11:15-12:15
TT118,CRS034,SUB014,SEC004,FAC014,ROOM010,Friday,4,12:15-01:15
TT119,CRS036,SUB016,SEC004,FAC016,ROOM010,Friday,5,02:00-03:00
TT120,CRS040,SUB020,SEC004,FAC020,ROOM010,Friday,6,03:00-04:00
TT121,CRS046,SUB016,SEC005,FAC016,ROOM011,Monday,1,09:00-10:00
TT122,CRS044,SUB014,SEC005,FAC014,ROOM011,Monday,2,10:00-11:00
TT123,CRS044,SUB014,SEC005,FAC014,ROOM011,Monday,3,11:15-12:15
TT124,CRS049,SUB019,SEC005,FAC019,ROOM011,Monday,4,12:15-01:15
TT125,CRS043,SUB013,SEC005,FAC013,ROOM011,Monday,5,02:00-03:00
TT126,CRS042,SUB012,SEC005,FAC012,ROOM011,Monday,6,03:00-04:00
TT127,CRS042,SUB012,SEC005,FAC012,ROOM011,Tuesday,1,09:00-10:00
TT128,CRS045,SUB015,SEC005,FAC015,ROOM011,Tuesday,2,10:00-11:00
TT129,CRS044,SUB014,SEC005,FAC014,ROOM011,Tuesday,3,11:15-12:15
TT130,CRS050,SUB020,SEC005,FAC020,ROOM011,Tuesday,4,12:15-01:15
TT131,CRS042,SUB012,SEC005,FAC012,ROOM011,Tuesday,5,02:00-03:00
TT132,CRS050,SUB020,SEC005,FAC020,ROOM011,Tuesday,6,03:00-04:00
TT133,CRS049,SUB019,SEC005,FAC019,ROOM011,Wednesday,1,09:00-10:00
TT134,CRS048,SUB018,SEC005,FAC018,ROOM011,Wednesday,2,10:00-11:00
TT135,CRS042,SUB012,SEC005,FAC012,ROOM011,Wednesday,3,11:15-12:15
TT136,CRS047,SUB017,SEC005,FAC017,ROOM011,Wednesday,4,12:15-01:15
TT137,CRS041,SUB011,SEC005,FAC011,ROOM011,Wednesday,5,02:00-03:00
TT138,CRS049,SUB019,SEC005,FAC019,ROOM011,Wednesday,6,03:00-04:00
TT139,CRS041,SUB011,SEC005,FAC011,ROOM011,Thursday,1,09:00-10:00
TT140,CRS049,SUB019,SEC005,FAC019,ROOM011,Thursday,2,10:00-11:00
TT141,CRS044,SUB014,SEC005,FAC014,ROOM011,Thursday,3,11:15-12:15
TT142,CRS046,SUB016,SEC005,FAC016,ROOM011,Thursday,4,12:15-01:15
TT143,CRS041,SUB011,SEC005,FAC011,ROOM011,Thursday,5,02:00-03:00
TT144,CRS041,SUB011,SEC005,FAC011,ROOM011,Thursday,6,03:00-04:00
TT145,CRS048,SUB018,SEC005,FAC018,ROOM011,Friday,1,09:00-10:00
TT146,CRS049,SUB019,SEC005,FAC019,ROOM011,Friday,2,10:00-11:00
TT147,CRS041,SUB011,SEC005,FAC011,ROOM011,Friday,3,11:15-12:15
TT148,CRS045,SUB015,SEC005,FAC015,ROOM011,Friday,4,12:15-01:15
TT149,CRS043,SUB013,SEC005,FAC013,ROOM011,Friday,5,02:00-03:00
TT150,CRS043,SUB013,SEC005,FAC013,ROOM011,Friday,6,03:00-04:00
TT151,CRS056,SUB016,SEC006,FAC016,ROOM012,Monday,1,09:00-10:00
TT152,CRS054,SUB014,SEC006,FAC014,ROOM012,Monday,2,10:00-11:00
TT153,CRS051,SUB011,SEC006,FAC011,ROOM012,Monday,3,11:15-12:15
TT154,CRS056,SUB016,SEC006,FAC016,ROOM012,Monday,4,12:15-01:15
TT155,CRS053,SUB013,SEC006,FAC013,ROOM012,Monday,5,02:00-03:00
TT156,CRS051,SUB011,SEC006,FAC011,ROOM012,Monday,6,03:00-04:00
TT157,CRS055,SUB015,SEC006,FAC015,ROOM012,Tuesday,1,09:00-10:00
TT158,CRS058,SUB018,SEC006,FAC018,ROOM012,Tuesday,2,10:00-11:00
TT159,CRS057,SUB017,SEC006,FAC017,ROOM012,Tuesday,3,11:15-12:15
TT160,CRS060,SUB020,SEC006,FAC020,ROOM012,Tuesday,4,12:15-01:15
TT161,CRS059,SUB019,SEC006,FAC019,ROOM012,Tuesday,5,02:00-03:00
TT162,CRS053,SUB013,SEC006,FAC013,ROOM012,Tuesday,6,03:00-04:00
TT163,CRS055,SUB015,SEC006,FAC015,ROOM012,Wednesday,1,09:00-10:00
TT164,CRS059,SUB019,SEC006,FAC019,ROOM012,Wednesday,2,10:00-11:00
TT165,CRS059,SUB019,SEC006,FAC019,ROOM012,Wednesday,3,11:15-12:15
TT166,CRS053,SUB013,SEC006,FAC013,ROOM012,Wednesday,4,12:15-01:15
TT167,CRS060,SUB020,SEC006,FAC020,ROOM012,Wednesday,5,02:00-03:00
TT168,CRS054,SUB014,SEC006,FAC014,ROOM012,Wednesday,6,03:00-04:00
TT169,CRS058,SUB018,SEC006,FAC018,ROOM012,Thursday,1,09:00-10:00
TT170,CRS053,SUB013,SEC006,FAC013,ROOM012,Thursday,2,10:00-11:00
TT171,CRS054,SUB014,SEC006,FAC014,ROOM012,Thursday,3,11:15-12:15
TT172,CRS057,SUB017,SEC006,FAC017,ROOM012,Thursday,4,12:15-01:15
TT173,CRS060,SUB020,SEC006,FAC020,ROOM012,Thursday,5,02:00-03:00
TT174,CRS058,SUB018,SEC006,FAC018,ROOM012,Thursday,6,03:00-04:00
TT175,CRS059,SUB019,SEC006,FAC019,ROOM012,Friday,1,09:00-10:00
TT176,CRS056,SUB016,SEC006,FAC016,ROOM012,Friday,2,10:00-11:00
TT177,CRS057,SUB017,SEC006,FAC017,ROOM012,Friday,3,11:15-12:15
TT178,CRS051,SUB011,SEC006,FAC011,ROOM012,Friday,4,12:15-01:15
TT179,CRS055,SUB015,SEC006,FAC015,ROOM012,Friday,5,02:00-03:00
TT180,CRS057,SUB017,SEC006,FAC017,ROOM012,Friday,6,03:00-04:00
TT181,CRS066,SUB026,SEC007,FAC002,ROOM013,Monday,1,09:00-10:00
TT182,CRS065,SUB025,SEC007,FAC001,ROOM013,Monday,2,10:00-11:00
TT183,CRS062,SUB022,SEC007,FAC022,ROOM013,Monday,3,11:15-12:15
TT184,CRS061,SUB021,SEC007,FAC021,ROOM013,Monday,4,12:15-01:15
TT185,CRS064,SUB024,SEC007,FAC024,ROOM013,Monday,5,02:00-03:00
TT186,CRS063,SUB023,SEC007,FAC023,ROOM013,Monday,6,03:00-04:00
TT187,CRS064,SUB024,SEC007,FAC024,ROOM013,Tuesday,1,09:00-10:00
TT188,CRS061,SUB021,SEC007,FAC021,ROOM013,Tuesday,2,10:00-11:00
TT189,CRS069,SUB029,SEC007,FAC005,ROOM013,Tuesday,3,11:15-12:15
TT190,CRS067,SUB027,SEC007,FAC003,ROOM013,Tuesday,4,12:15-01:15
TT191,CRS061,SUB021,SEC007,FAC021,ROOM013,Tuesday,5,02:00-03:00
TT192,CRS070,SUB030,SEC007,FAC006,ROOM013,Tuesday,6,03:00-04:00
TT193,CRS061,SUB021,SEC007,FAC021,ROOM013,Wednesday,1,09:00-10:00
TT194,CRS066,SUB026,SEC007,FAC002,ROOM013,Wednesday,2,10:00-11:00
TT195,CRS070,SUB030,SEC007,FAC006,ROOM013,Wednesday,3,11:15-12:15
TT196,CRS065,SUB025,SEC007,FAC001,ROOM013,Wednesday,4,12:15-01:15
TT197,CRS069,SUB029,SEC007,FAC005,ROOM013,Wednesday,5,02:00-03:00
TT198,CRS066,SUB026,SEC007,FAC002,ROOM013,Wednesday,6,03:00-04:00
TT199,CRS068,SUB028,SEC007,FAC004,ROOM013,Thursday,1,09:00-10:00
TT200,CRS062,SUB022,SEC007,FAC022,ROOM013,Thursday,2,10:00-11:00
TT201,CRS070,SUB030,SEC007,FAC006,ROOM013,Thursday,3,11:15-12:15
TT202,CRS067,SUB027,SEC007,FAC003,ROOM013,Thursday,4,12:15-01:15
TT203,CRS066,SUB026,SEC007,FAC002,ROOM013,Thursday,5,02:00-03:00
TT204,CRS062,SUB022,SEC007,FAC022,ROOM013,Thursday,6,03:00-04:00
TT205,CRS063,SUB023,SEC007,FAC023,ROOM013,Friday,1,09:00-10:00
TT206,CRS068,SUB028,SEC007,FAC004,ROOM013,Friday,2,10:00-11:00
TT207,CRS063,SUB023,SEC007,FAC023,ROOM013,Friday,3,11:15-12:15
TT208,CRS069,SUB029,SEC007,FAC005,ROOM013,Friday,4,12:15-01:15
TT209,CRS070,SUB030,SEC007,FAC006,ROOM013,Friday,5,02:00-03:00
TT210,CRS065,SUB025,SEC007,FAC001,ROOM013,Friday,6,03:00-04:00
TT211,CRS073,SUB023,SEC008,FAC023,ROOM014,Monday,1,09:00-10:00
TT212,CRS072,SUB022,SEC008,FAC022,ROOM014,Monday,2,10:00-11:00
TT213,CRS078,SUB028,SEC008,FAC004,ROOM014,Monday,3,11:15-12:15
TT214,CRS076,SUB026,SEC008,FAC002,ROOM014,Monday,4,12:15-01:15
TT215,CRS079,SUB029,SEC008,FAC005,ROOM014,Monday,5,02:00-03:00
TT216,CRS075,SUB025,SEC008,FAC001,ROOM014,Monday,6,03:00-04:00
TT217,CRS078,SUB028,SEC008,FAC004,ROOM014,Tuesday,1,09:00-10:00
TT218,CRS074,SUB024,SEC008,FAC024,ROOM014,Tuesday,2,10:00-11:00
TT219,CRS079,SUB029,SEC008,FAC005,ROOM014,Tuesday,3,11:15-12:15
TT220,CRS072,SUB022,SEC008,FAC022,ROOM014,Tuesday,4,12:15-01:15
TT221,CRS079,SUB029,SEC008,FAC005,ROOM014,Tuesday,5,02:00-03:00
TT222,CRS075,SUB025,SEC008,FAC001,ROOM014,Tuesday,6,03:00-04:00
TT223,CRS075,SUB025,SEC008,FAC001,ROOM014,Wednesday,1,09:00-10:00
TT224,CRS077,SUB027,SEC008,FAC003,ROOM014,Wednesday,2,10:00-11:00
TT225,CRS074,SUB024,SEC008,FAC024,ROOM014,Wednesday,3,11:15-12:15
TT226,CRS077,SUB027,SEC008,FAC003,ROOM014,Wednesday,4,12:15-01:15
TT227,CRS071,SUB021,SEC008,FAC021,ROOM014,Wednesday,5,02:00-03:00
TT228,CRS071,SUB021,SEC008,FAC021,ROOM014,Wednesday,6,03:00-04:00
TT229,CRS080,SUB030,SEC008,FAC006,ROOM014,Thursday,1,09:00-10:00
TT230,CRS074,SUB024,SEC008,FAC024,ROOM014,Thursday,2,10:00-11:00
TT231,CRS077,SUB027,SEC008,FAC003,ROOM014,Thursday,3,11:15-12:15
TT232,CRS077,SUB027,SEC008,FAC003,ROOM014,Thursday,4,12:15-01:15
TT233,CRS072,SUB022,SEC008,FAC022,ROOM014,Thursday,5,02:00-03:00
TT234,CRS079,SUB029,SEC008,FAC005,ROOM014,Thursday,6,03:00-04:00
TT235,CRS078,SUB028,SEC008,FAC004,ROOM014,Friday,1,09:00-10:00
TT236,CRS073,SUB023,SEC008,FAC023,ROOM014,Friday,2,10:00-11:00
TT237,CRS071,SUB021,SEC008,FAC021,ROOM014,Friday,3,11:15-12:15
TT238,CRS077,SUB027,SEC008,FAC003,ROOM014,Friday,4,12:15-01:15
TT239,CRS073,SUB023,SEC008,FAC023,ROOM014,Friday,5,02:00-03:00
TT240,CRS076,SUB026,SEC008,FAC002,ROOM014,Friday,6,03:00-04:00
TT241,CRS086,SUB026,SEC009,FAC002,ROOM015,Monday,1,09:00-10:00
TT242,CRS087,SUB027,SEC009,FAC003,ROOM015,Monday,2,10:00-11:00
TT243,CRS090,SUB030,SEC009,FAC006,ROOM015,Monday,3,11:15-12:15
TT244,CRS083,SUB023,SEC009,FAC023,ROOM015,Monday,4,12:15-01:15
TT245,CRS086,SUB026,SEC009,FAC002,ROOM015,Monday,5,02:00-03:00
TT246,CRS081,SUB021,SEC009,FAC021,ROOM015,Monday,6,03:00-04:00
TT247,CRS089,SUB029,SEC009,FAC005,ROOM015,Tuesday,1,09:00-10:00
TT248,CRS084,SUB024,SEC009,FAC024,ROOM015,Tuesday,2,10:00-11:00
TT249,CRS090,SUB030,SEC009,FAC006,ROOM015,Tuesday,3,11:15-12:15
TT250,CRS082,SUB022,SEC009,FAC022,ROOM015,Tuesday,4,12:15-01:15
TT251,CRS083,SUB023,SEC009,FAC023,ROOM015,Tuesday,5,02:00-03:00
TT252,CRS084,SUB024,SEC009,FAC024,ROOM015,Tuesday,6,03:00-04:00
TT253,CRS089,SUB029,SEC009,FAC005,ROOM015,Wednesday,1,09:00-10:00
TT254,CRS083,SUB023,SEC009,FAC023,ROOM015,Wednesday,2,10:00-11:00
TT255,CRS088,SUB028,SEC009,FAC004,ROOM015,Wednesday,3,11:15-12:15
TT256,CRS084,SUB024,SEC009,FAC024,ROOM015,Wednesday,4,12:15-01:15
TT257,CRS088,SUB028,SEC009,FAC004,ROOM015,Wednesday,5,02:00-03:00
TT258,CRS086,SUB026,SEC009,FAC002,ROOM015,Wednesday,6,03:00-04:00
TT259,CRS088,SUB028,SEC009,FAC004,ROOM015,Thursday,1,09:00-10:00
TT260,CRS090,SUB030,SEC009,FAC006,ROOM015,Thursday,2,10:00-11:00
TT261,CRS087,SUB027,SEC009,FAC003,ROOM015,Thursday,3,11:15-12:15
TT262,CRS087,SUB027,SEC009,FAC003,ROOM015,Thursday,4,12:15-01:15
TT263,CRS089,SUB029,SEC009,FAC005,ROOM015,Thursday,5,02:00-03:00
TT264,CRS089,SUB029,SEC009,FAC005,ROOM015,Thursday,6,03:00-04:00
TT265,CRS083,SUB023,SEC009,FAC023,ROOM015,Friday,1,09:00-10:00
TT266,CRS081,SUB021,SEC009,FAC021,ROOM015,Friday,2,10:00-11:00
TT267,CRS087,SUB027,SEC009,FAC003,ROOM015,Friday,3,11:15-12:15
TT268,CRS085,SUB025,SEC009,FAC001,ROOM015,Friday,4,12:15-01:15
TT269,CRS087,SUB027,SEC009,FAC003,ROOM015,Friday,5,02:00-03:00
TT270,CRS089,SUB029,SEC009,FAC005,ROOM015,Friday,6,03:00-04:00
TT271,CRS098,SUB038,SEC010,FAC014,ROOM016,Monday,1,09:00-10:00
TT272,CRS097,SUB037,SEC010,FAC013,ROOM016,Monday,2,10:00-11:00
TT273,CRS094,SUB034,SEC010,FAC010,ROOM016,Monday,3,11:15-12:15
TT274,CRS099,SUB039,SEC010,FAC015,ROOM016,Monday,4,12:15-01:15
TT275,CRS097,SUB037,SEC010,FAC013,ROOM016,Monday,5,02:00-03:00
TT276,CRS098,SUB038,SEC010,FAC014,ROOM016,Monday,6,03:00-04:00
TT277,CRS092,SUB032,SEC010,FAC008,ROOM016,Tuesday,1,09:00-10:00
TT278,CRS093,SUB033,SEC010,FAC009,ROOM016,Tuesday,2,10:00-11:00
TT279,CRS097,SUB037,SEC010,FAC013,ROOM016,Tuesday,3,11:15-12:15
TT280,CRS100,SUB040,SEC010,FAC016,ROOM016,Tuesday,4,12:15-01:15
TT281,CRS100,SUB040,SEC010,FAC016,ROOM016,Tuesday,5,02:00-03:00
TT282,CRS091,SUB031,SEC010,FAC007,ROOM016,Tuesday,6,03:00-04:00
TT283,CRS093,SUB033,SEC010,FAC009,ROOM016,Wednesday,1,09:00-10:00
TT284,CRS092,SUB032,SEC010,FAC008,ROOM016,Wednesday,2,10:00-11:00
TT285,CRS100,SUB040,SEC010,FAC016,ROOM016,Wednesday,3,11:15-12:15
TT286,CRS099,SUB039,SEC010,FAC015,ROOM016,Wednesday,4,12:15-01:15
TT287,CRS100,SUB040,SEC010,FAC016,ROOM016,Wednesday,5,02:00-03:00
TT288,CRS096,SUB036,SEC010,FAC012,ROOM016,Wednesday,6,03:00-04:00
TT289,CRS094,SUB034,SEC010,FAC010,ROOM016,Thursday,1,09:00-10:00
TT290,CRS091,SUB031,SEC010,FAC007,ROOM016,Thursday,2,10:00-11:00
TT291,CRS093,SUB033,SEC010,FAC009,ROOM016,Thursday,3,11:15-12:15
TT292,CRS095,SUB035,SEC010,FAC011,ROOM016,Thursday,4,12:15-01:15
TT293,CRS099,SUB039,SEC010,FAC015,ROOM016,Thursday,5,02:00-03:00
TT294,CRS092,SUB032,SEC010,FAC008,ROOM016,Thursday,6,03:00-04:00
TT295,CRS091,SUB031,SEC010,FAC007,ROOM016,Friday,1,09:00-10:00
TT296,CRS095,SUB035,SEC010,FAC011,ROOM016,Friday,2,10:00-11:00
TT297,CRS095,SUB035,SEC010,FAC011,ROOM016,Friday,3,11:15-12:15
TT298,CRS093,SUB033,SEC010,FAC009,ROOM016,Friday,4,12:15-01:15
TT299,CRS096,SUB036,SEC010,FAC012,ROOM016,Friday,5,02:00-03:00
TT300,CRS098,SUB038,SEC010,FAC014,ROOM016,Friday,6,03:00-04:00
TT301,CRS109,SUB039,SEC011,FAC015,ROOM017,Monday,1,09:00-10:00
TT302,CRS107,SUB037,SEC011,FAC013,ROOM017,Monday,2,10:00-11:00
TT303,CRS106,SUB036,SEC011,FAC012,ROOM017,Monday,3,11:15-12:15
TT304,CRS102,SUB032,SEC011,FAC008,ROOM017,Monday,4,12:15-01:15
TT305,CRS110,SUB040,SEC011,FAC016,ROOM017,Monday,5,02:00-03:00
TT306,CRS106,SUB036,SEC011,FAC012,ROOM017,Monday,6,03:00-04:00
TT307,CRS105,SUB035,SEC011,FAC011,ROOM017,Tuesday,1,09:00-10:00
TT308,CRS105,SUB035,SEC011,FAC011,ROOM017,Tuesday,2,10:00-11:00
TT309,CRS110,SUB040,SEC011,FAC016,ROOM017,Tuesday,3,11:15-12:15
TT310,CRS107,SUB037,SEC011,FAC013,ROOM017,Tuesday,4,12:15-01:15
TT311,CRS109,SUB039,SEC011,FAC015,ROOM017,Tuesday,5,02:00-03:00
TT312,CRS108,SUB038,SEC011,FAC014,ROOM017,Tuesday,6,03:00-04:00
TT313,CRS108,SUB038,SEC011,FAC014,ROOM017,Wednesday,1,09:00-10:00
TT314,CRS110,SUB040,SEC011,FAC016,ROOM017,Wednesday,2,10:00-11:00
TT315,CRS102,SUB032,SEC011,FAC008,ROOM017,Wednesday,3,11:15-12:15
TT316,CRS107,SUB037,SEC011,FAC013,ROOM017,Wednesday,4,12:15-01:15
TT317,CRS106,SUB036,SEC011,FAC012,ROOM017,Wednesday,5,02:00-03:00
TT318,CRS109,SUB039,SEC011,FAC015,ROOM017,Wednesday,6,03:00-04:00
TT319,CRS104,SUB034,SEC011,FAC010,ROOM017,Thursday,1,09:00-10:00
TT320,CRS101,SUB031,SEC011,FAC007,ROOM017,Thursday,2,10:00-11:00
TT321,CRS110,SUB040,SEC011,FAC016,ROOM017,Thursday,3,11:15-12:15
TT322,CRS109,SUB039,SEC011,FAC015,ROOM017,Thursday,4,12:15-01:15
TT323,CRS104,SUB034,SEC011,FAC010,ROOM017,Thursday,5,02:00-03:00
TT324,CRS104,SUB034,SEC011,FAC010,ROOM017,Thursday,6,03:00-04:00
TT325,CRS105,SUB035,SEC011,FAC011,ROOM017,Friday,1,09:00-10:00
TT326,CRS102,SUB032,SEC011,FAC008,ROOM017,Friday,2,10:00-11:00
TT327,CRS105,SUB035,SEC011,FAC011,ROOM017,Friday,3,11:15-12:15
TT328,CRS102,SUB032,SEC011,FAC008,ROOM017,Friday,4,12:15-01:15
TT329,CRS103,SUB033,SEC011,FAC009,ROOM017,Friday,5,02:00-03:00
TT330,CRS102,SUB032,SEC011,FAC008,ROOM017,Friday,6,03:00-04:00
TT331,CRS113,SUB033,SEC012,FAC009,ROOM018,Monday,1,09:00-10:00
TT332,CRS120,SUB040,SEC012,FAC016,ROOM018,Monday,2,10:00-11:00
TT333,CRS115,SUB035,SEC012,FAC011,ROOM018,Monday,3,11:15-12:15
TT334,CRS111,SUB031,SEC012,FAC007,ROOM018,Monday,4,12:15-01:15
TT335,CRS115,SUB035,SEC012,FAC011,ROOM018,Monday,5,02:00-03:00
TT336,CRS119,SUB039,SEC012,FAC015,ROOM018,Monday,6,03:00-04:00
TT337,CRS114,SUB034,SEC012,FAC010,ROOM018,Tuesday,1,09:00-10:00
TT338,CRS114,SUB034,SEC012,FAC010,ROOM018,Tuesday,2,10:00-11:00
TT339,CRS119,SUB039,SEC012,FAC015,ROOM018,Tuesday,3,11:15-12:15
TT340,CRS113,SUB033,SEC012,FAC009,ROOM018,Tuesday,4,12:15-01:15
TT341,CRS111,SUB031,SEC012,FAC007,ROOM018,Tuesday,5,02:00-03:00
TT342,CRS120,SUB040,SEC012,FAC016,ROOM018,Tuesday,6,03:00-04:00
TT343,CRS120,SUB040,SEC012,FAC016,ROOM018,Wednesday,1,09:00-10:00
TT344,CRS119,SUB039,SEC012,FAC015,ROOM018,Wednesday,2,10:00-11:00
TT345,CRS114,SUB034,SEC012,FAC010,ROOM018,Wednesday,3,11:15-12:15
TT346,CRS114,SUB034,SEC012,FAC010,ROOM018,Wednesday,4,12:15-01:15
TT347,CRS114,SUB034,SEC012,FAC010,ROOM018,Wednesday,5,02:00-03:00
TT348,CRS118,SUB038,SEC012,FAC014,ROOM018,Wednesday,6,03:00-04:00
TT349,CRS119,SUB039,SEC012,FAC015,ROOM018,Thursday,1,09:00-10:00
TT350,CRS116,SUB036,SEC012,FAC012,ROOM018,Thursday,2,10:00-11:00
TT351,CRS112,SUB032,SEC012,FAC008,ROOM018,Thursday,3,11:15-12:15
TT352,CRS113,SUB033,SEC012,FAC009,ROOM018,Thursday,4,12:15-01:15
TT353,CRS116,SUB036,SEC012,FAC012,ROOM018,Thursday,5,02:00-03:00
TT354,CRS112,SUB032,SEC012,FAC008,ROOM018,Thursday,6,03:00-04:00
TT355,CRS118,SUB038,SEC012,FAC014,ROOM018,Friday,1,09:00-10:00
TT356,CRS118,SUB038,SEC012,FAC014,ROOM018,Friday,2,10:00-11:00
TT357,CRS120,SUB040,SEC012,FAC016,ROOM018,Friday,3,11:15-12:15
TT358,CRS115,SUB035,SEC012,FAC011,ROOM018,Friday,4,12:15-01:15
TT359,CRS116,SUB036,SEC012,FAC012,ROOM018,Friday,5,02:00-03:00
TT360,CRS118,SUB038,SEC012,FAC014,ROOM018,Friday,6,03:00-04:00
TT361,CRS128,SUB008,SEC013,FAC032,ROOM019,Monday,1,09:00-10:00
TT362,CRS122,SUB002,SEC013,FAC026,ROOM019,Monday,2,10:00-11:00
TT363,CRS122,SUB002,SEC013,FAC026,ROOM019,Monday,3,11:15-12:15
TT364,CRS125,SUB005,SEC013,FAC029,ROOM019,Monday,4,12:15-01:15
TT365,CRS127,SUB007,SEC013,FAC031,ROOM019,Monday,5,02:00-03:00
TT366,CRS128,SUB008,SEC013,FAC032,ROOM019,Monday,6,03:00-04:00
TT367,CRS126,SUB006,SEC013,FAC030,ROOM019,Tuesday,1,09:00-10:00
TT368,CRS130,SUB010,SEC013,FAC034,ROOM019,Tuesday,2,10:00-11:00
TT369,CRS128,SUB008,SEC013,FAC032,ROOM019,Tuesday,3,11:15-12:15
TT370,CRS124,SUB004,SEC013,FAC028,ROOM019,Tuesday,4,12:15-01:15
TT371,CRS127,SUB007,SEC013,FAC031,ROOM019,Tuesday,5,02:00-03:00
TT372,CRS123,SUB003,SEC013,FAC027,ROOM019,Tuesday,6,03:00-04:00
TT373,CRS130,SUB010,SEC013,FAC034,ROOM019,Wednesday,1,09:00-10:00
TT374,CRS130,SUB010,SEC013,FAC034,ROOM019,Wednesday,2,10:00-11:00
TT375,CRS127,SUB007,SEC013,FAC031,ROOM019,Wednesday,3,11:15-12:15
TT376,CRS121,SUB001,SEC013,FAC025,ROOM019,Wednesday,4,12:15-01:15
TT377,CRS121,SUB001,SEC013,FAC025,ROOM019,Wednesday,5,02:00-03:00
TT378,CRS122,SUB002,SEC013,FAC026,ROOM019,Wednesday,6,03:00-04:00
TT379,CRS121,SUB001,SEC013,FAC025,ROOM019,Thursday,1,09:00-10:00
TT380,CRS124,SUB004,SEC013,FAC028,ROOM019,Thursday,2,10:00-11:00
TT381,CRS122,SUB002,SEC013,FAC026,ROOM019,Thursday,3,11:15-12:15
TT382,CRS124,SUB004,SEC013,FAC028,ROOM019,Thursday,4,12:15-01:15
TT383,CRS129,SUB009,SEC013,FAC033,ROOM019,Thursday,5,02:00-03:00
TT384,CRS123,SUB003,SEC013,FAC027,ROOM019,Thursday,6,03:00-04:00
TT385,CRS129,SUB009,SEC013,FAC033,ROOM019,Friday,1,09:00-10:00
TT386,CRS124,SUB004,SEC013,FAC028,ROOM019,Friday,2,10:00-11:00
TT387,CRS125,SUB005,SEC013,FAC029,ROOM019,Friday,3,11:15-12:15
TT388,CRS121,SUB001,SEC013,FAC025,ROOM019,Friday,4,12:15-01:15
TT389,CRS126,SUB006,SEC013,FAC030,ROOM019,Friday,5,02:00-03:00
TT390,CRS127,SUB007,SEC013,FAC031,ROOM019,Friday,6,03:00-04:00
TT391,CRS134,SUB014,SEC014,FAC028,ROOM020,Monday,1,09:00-10:00
TT392,CRS132,SUB012,SEC014,FAC026,ROOM020,Monday,2,10:00-11:00
TT393,CRS140,SUB020,SEC014,FAC034,ROOM020,Monday,3,11:15-12:15
TT394,CRS131,SUB011,SEC014,FAC025,ROOM020,Monday,4,12:15-01:15
TT395,CRS138,SUB018,SEC014,FAC032,ROOM020,Monday,5,02:00-03:00
TT396,CRS133,SUB013,SEC014,FAC027,ROOM020,Monday,6,03:00-04:00
TT397,CRS136,SUB016,SEC014,FAC030,ROOM020,Tuesday,1,09:00-10:00
TT398,CRS139,SUB019,SEC014,FAC033,ROOM020,Tuesday,2,10:00-11:00
TT399,CRS137,SUB017,SEC014,FAC031,ROOM020,Tuesday,3,11:15-12:15
TT400,CRS131,SUB011,SEC014,FAC025,ROOM020,Tuesday,4,12:15-01:15
TT401,CRS132,SUB012,SEC014,FAC026,ROOM020,Tuesday,5,02:00-03:00
TT402,CRS134,SUB014,SEC014,FAC028,ROOM020,Tuesday,6,03:00-04:00
TT403,CRS131,SUB011,SEC014,FAC025,ROOM020,Wednesday,1,09:00-10:00
TT404,CRS136,SUB016,SEC014,FAC030,ROOM020,Wednesday,2,10:00-11:00
TT405,CRS135,SUB015,SEC014,FAC029,ROOM020,Wednesday,3,11:15-12:15
TT406,CRS134,SUB014,SEC014,FAC028,ROOM020,Wednesday,4,12:15-01:15
TT407,CRS136,SUB016,SEC014,FAC030,ROOM020,Wednesday,5,02:00-03:00
TT408,CRS133,SUB013,SEC014,FAC027,ROOM020,Wednesday,6,03:00-04:00
TT409,CRS135,SUB015,SEC014,FAC029,ROOM020,Thursday,1,09:00-10:00
TT410,CRS134,SUB014,SEC014,FAC028,ROOM020,Thursday,2,10:00-11:00
TT411,CRS140,SUB020,SEC014,FAC034,ROOM020,Thursday,3,11:15-12:15
TT412,CRS132,SUB012,SEC014,FAC026,ROOM020,Thursday,4,12:15-01:15
TT413,CRS140,SUB020,SEC014,FAC034,ROOM020,Thursday,5,02:00-03:00
TT414,CRS134,SUB014,SEC014,FAC028,ROOM020,Thursday,6,03:00-04:00
TT415,CRS135,SUB015,SEC014,FAC029,ROOM020,Friday,1,09:00-10:00
TT416,CRS133,SUB013,SEC014,FAC027,ROOM020,Friday,2,10:00-11:00
TT417,CRS132,SUB012,SEC014,FAC026,ROOM020,Friday,3,11:15-12:15
TT418,CRS140,SUB020,SEC014,FAC034,ROOM020,Friday,4,12:15-01:15
TT419,CRS131,SUB011,SEC014,FAC025,ROOM020,Friday,5,02:00-03:00
TT420,CRS139,SUB019,SEC014,FAC033,ROOM020,Friday,6,03:00-04:00
TT421,CRS144,SUB024,SEC015,FAC028,ROOM021,Monday,1,09:00-10:00
TT422,CRS145,SUB025,SEC015,FAC029,ROOM021,Monday,2,10:00-11:00
TT423,CRS142,SUB022,SEC015,FAC026,ROOM021,Monday,3,11:15-12:15
TT424,CRS141,SUB021,SEC015,FAC025,ROOM021,Monday,4,12:15-01:15
TT425,CRS148,SUB028,SEC015,FAC032,ROOM021,Monday,5,02:00-03:00
TT426,CRS150,SUB030,SEC015,FAC034,ROOM021,Monday,6,03:00-04:00
TT427,CRS142,SUB022,SEC015,FAC026,ROOM021,Tuesday,1,09:00-10:00
TT428,CRS143,SUB023,SEC015,FAC027,ROOM021,Tuesday,2,10:00-11:00
TT429,CRS148,SUB028,SEC015,FAC032,ROOM021,Tuesday,3,11:15-12:15
TT430,CRS147,SUB027,SEC015,FAC031,ROOM021,Tuesday,4,12:15-01:15
TT431,CRS143,SUB023,SEC015,FAC027,ROOM021,Tuesday,5,02:00-03:00
TT432,CRS144,SUB024,SEC015,FAC028,ROOM021,Tuesday,6,03:00-04:00
TT433,CRS143,SUB023,SEC015,FAC027,ROOM021,Wednesday,1,09:00-10:00
TT434,CRS148,SUB028,SEC015,FAC032,ROOM021,Wednesday,2,10:00-11:00
TT435,CRS147,SUB027,SEC015,FAC031,ROOM021,Wednesday,3,11:15-12:15
TT436,CRS147,SUB027,SEC015,FAC031,ROOM021,Wednesday,4,12:15-01:15
TT437,CRS141,SUB021,SEC015,FAC025,ROOM021,Wednesday,5,02:00-03:00
TT438,CRS149,SUB029,SEC015,FAC033,ROOM021,Wednesday,6,03:00-04:00
TT439,CRS142,SUB022,SEC015,FAC026,ROOM021,Thursday,1,09:00-10:00
TT440,CRS145,SUB025,SEC015,FAC029,ROOM021,Thursday,2,10:00-11:00
TT441,CRS145,SUB025,SEC015,FAC029,ROOM021,Thursday,3,11:15-12:15
TT442,CRS150,SUB030,SEC015,FAC034,ROOM021,Thursday,4,12:15-01:15
TT443,CRS150,SUB030,SEC015,FAC034,ROOM021,Thursday,5,02:00-03:00
TT444,CRS147,SUB027,SEC015,FAC031,ROOM021,Thursday,6,03:00-04:00
TT445,CRS147,SUB027,SEC015,FAC031,ROOM021,Friday,1,09:00-10:00
TT446,CRS145,SUB025,SEC015,FAC029,ROOM021,Friday,2,10:00-11:00
TT447,CRS141,SUB021,SEC015,FAC025,ROOM021,Friday,3,11:15-12:15
TT448,CRS146,SUB026,SEC015,FAC030,ROOM021,Friday,4,12:15-01:15
TT449,CRS145,SUB025,SEC015,FAC029,ROOM021,Friday,5,02:00-03:00
TT450,CRS142,SUB022,SEC015,FAC026,ROOM021,Friday,6,03:00-04:00
TT451,CRS158,SUB038,SEC016,FAC032,ROOM022,Monday,1,09:00-10:00
TT452,CRS154,SUB034,SEC016,FAC028,ROOM022,Monday,2,10:00-11:00
TT453,CRS151,SUB031,SEC016,FAC025,ROOM022,Monday,3,11:15-12:15
TT454,CRS159,SUB039,SEC016,FAC033,ROOM022,Monday,4,12:15-01:15
TT455,CRS159,SUB039,SEC016,FAC033,ROOM022,Monday,5,02:00-03:00
TT456,CRS155,SUB035,SEC016,FAC029,ROOM022,Monday,6,03:00-04:00
TT457,CRS155,SUB035,SEC016,FAC029,ROOM022,Tuesday,1,09:00-10:00
TT458,CRS156,SUB036,SEC016,FAC030,ROOM022,Tuesday,2,10:00-11:00
TT459,CRS154,SUB034,SEC016,FAC028,ROOM022,Tuesday,3,11:15-12:15
TT460,CRS160,SUB040,SEC016,FAC034,ROOM022,Tuesday,4,12:15-01:15
TT461,CRS160,SUB040,SEC016,FAC034,ROOM022,Tuesday,5,02:00-03:00
TT462,CRS159,SUB039,SEC016,FAC033,ROOM022,Tuesday,6,03:00-04:00
TT463,CRS157,SUB037,SEC016,FAC031,ROOM022,Wednesday,1,09:00-10:00
TT464,CRS151,SUB031,SEC016,FAC025,ROOM022,Wednesday,2,10:00-11:00
TT465,CRS157,SUB037,SEC016,FAC031,ROOM022,Wednesday,3,11:15-12:15
TT466,CRS154,SUB034,SEC016,FAC028,ROOM022,Wednesday,4,12:15-01:15
TT467,CRS153,SUB033,SEC016,FAC027,ROOM022,Wednesday,5,02:00-03:00
TT468,CRS160,SUB040,SEC016,FAC034,ROOM022,Wednesday,6,03:00-04:00
TT469,CRS156,SUB036,SEC016,FAC030,ROOM022,Thursday,1,09:00-10:00
TT470,CRS157,SUB037,SEC016,FAC031,ROOM022,Thursday,2,10:00-11:00
TT471,CRS154,SUB034,SEC016,FAC028,ROOM022,Thursday,3,11:15-12:15
TT472,CRS159,SUB039,SEC016,FAC033,ROOM022,Thursday,4,12:15-01:15
TT473,CRS156,SUB036,SEC016,FAC030,ROOM022,Thursday,5,02:00-03:00
TT474,CRS155,SUB035,SEC016,FAC029,ROOM022,Thursday,6,03:00-04:00
TT475,CRS159,SUB039,SEC016,FAC033,ROOM022,Friday,1,09:00-10:00
TT476,CRS155,SUB035,SEC016,FAC029,ROOM022,Friday,2,10:00-11:00
TT477,CRS154,SUB034,SEC016,FAC028,ROOM022,Friday,3,11:15-12:15
TT478,CRS160,SUB040,SEC016,FAC034,ROOM022,Friday,4,12:15-01:15
TT479,CRS153,SUB033,SEC016,FAC027,ROOM022,Friday,5,02:00-03:00
TT480,CRS153,SUB033,SEC016,FAC027,ROOM022,Friday,6,03:00-04:00
TT481,CRS164,SUB004,SEC017,FAC038,ROOM035,Monday,1,09:00-10:00
TT482,CRS169,SUB009,SEC017,FAC043,ROOM035,Monday,2,10:00-11:00
TT483,CRS167,SUB007,SEC017,FAC041,ROOM035,Monday,3,11:15-12:15
TT484,CRS164,SUB004,SEC017,FAC038,ROOM035,Monday,4,12:15-01:15
TT485,CRS170,SUB010,SEC017,FAC044,ROOM035,Monday,5,02:00-03:00
TT486,CRS164,SUB004,SEC017,FAC038,ROOM035,Monday,6,03:00-04:00
TT487,CRS168,SUB008,SEC017,FAC042,ROOM035,Tuesday,1,09:00-10:00
TT488,CRS167,SUB007,SEC017,FAC041,ROOM035,Tuesday,2,10:00-11:00
TT489,CRS164,SUB004,SEC017,FAC038,ROOM035,Tuesday,3,11:15-12:15
TT490,CRS168,SUB008,SEC017,FAC042,ROOM035,Tuesday,4,12:15-01:15
TT491,CRS169,SUB009,SEC017,FAC043,ROOM035,Tuesday,5,02:00-03:00
TT492,CRS162,SUB002,SEC017,FAC036,ROOM035,Tuesday,6,03:00-04:00
TT493,CRS168,SUB008,SEC017,FAC042,ROOM035,Wednesday,1,09:00-10:00
TT494,CRS162,SUB002,SEC017,FAC036,ROOM035,Wednesday,2,10:00-11:00
TT495,CRS161,SUB001,SEC017,FAC035,ROOM035,Wednesday,3,11:15-12:15
TT496,CRS164,SUB004,SEC017,FAC038,ROOM035,Wednesday,4,12:15-01:15
TT497,CRS163,SUB003,SEC017,FAC037,ROOM035,Wednesday,5,02:00-03:00
TT498,CRS166,SUB006,SEC017,FAC040,ROOM035,Wednesday,6,03:00-04:00
TT499,CRS168,SUB008,SEC017,FAC042,ROOM035,Thursday,1,09:00-10:00
TT500,CRS163,SUB003,SEC017,FAC037,ROOM035,Thursday,2,10:00-11:00
TT501,CRS170,SUB010,SEC017,FAC044,ROOM035,Thursday,3,11:15-12:15
TT502,CRS165,SUB005,SEC017,FAC039,ROOM035,Thursday,4,12:15-01:15
TT503,CRS166,SUB006,SEC017,FAC040,ROOM035,Thursday,5,02:00-03:00
TT504,CRS162,SUB002,SEC017,FAC036,ROOM035,Thursday,6,03:00-04:00
TT505,CRS169,SUB009,SEC017,FAC043,ROOM035,Friday,1,09:00-10:00
TT506,CRS165,SUB005,SEC017,FAC039,ROOM035,Friday,2,10:00-11:00
TT507,CRS170,SUB010,SEC017,FAC044,ROOM035,Friday,3,11:15-12:15
TT508,CRS162,SUB002,SEC017,FAC036,ROOM035,Friday,4,12:15-01:15
TT509,CRS169,SUB009,SEC017,FAC043,ROOM035,Friday,5,02:00-03:00
TT510,CRS168,SUB008,SEC017,FAC042,ROOM035,Friday,6,03:00-04:00
TT511,CRS179,SUB009,SEC018,FAC043,ROOM036,Monday,1,09:00-10:00
TT512,CRS180,SUB010,SEC018,FAC044,ROOM036,Monday,2,10:00-11:00
TT513,CRS174,SUB004,SEC018,FAC038,ROOM036,Monday,3,11:15-12:15
TT514,CRS172,SUB002,SEC018,FAC036,ROOM036,Monday,4,12:15-01:15
TT515,CRS175,SUB005,SEC018,FAC039,ROOM036,Monday,5,02:00-03:00
TT516,CRS179,SUB009,SEC018,FAC043,ROOM036,Monday,6,03:00-04:00
TT517,CRS171,SUB001,SEC018,FAC035,ROOM036,Tuesday,1,09:00-10:00
TT518,CRS177,SUB007,SEC018,FAC041,ROOM036,Tuesday,2,10:00-11:00
TT519,CRS178,SUB008,SEC018,FAC042,ROOM036,Tuesday,3,11:15-12:15
TT520,CRS176,SUB006,SEC018,FAC040,ROOM036,Tuesday,4,12:15-01:15
TT521,CRS175,SUB005,SEC018,FAC039,ROOM036,Tuesday,5,02:00-03:00
TT522,CRS172,SUB002,SEC018,FAC036,ROOM036,Tuesday,6,03:00-04:00
TT523,CRS172,SUB002,SEC018,FAC036,ROOM036,Wednesday,1,09:00-10:00
TT524,CRS178,SUB008,SEC018,FAC042,ROOM036,Wednesday,2,10:00-11:00
TT525,CRS171,SUB001,SEC018,FAC035,ROOM036,Wednesday,3,11:15-12:15
TT526,CRS180,SUB010,SEC018,FAC044,ROOM036,Wednesday,4,12:15-01:15
TT527,CRS176,SUB006,SEC018,FAC040,ROOM036,Wednesday,5,02:00-03:00
TT528,CRS176,SUB006,SEC018,FAC040,ROOM036,Wednesday,6,03:00-04:00
TT529,CRS174,SUB004,SEC018,FAC038,ROOM036,Thursday,1,09:00-10:00
TT530,CRS176,SUB006,SEC018,FAC040,ROOM036,Thursday,2,10:00-11:00
TT531,CRS177,SUB007,SEC018,FAC041,ROOM036,Thursday,3,11:15-12:15
TT532,CRS174,SUB004,SEC018,FAC038,ROOM036,Thursday,4,12:15-01:15
TT533,CRS180,SUB010,SEC018,FAC044,ROOM036,Thursday,5,02:00-03:00
TT534,CRS175,SUB005,SEC018,FAC039,ROOM036,Thursday,6,03:00-04:00
TT535,CRS174,SUB004,SEC018,FAC038,ROOM036,Friday,1,09:00-10:00
TT536,CRS178,SUB008,SEC018,FAC042,ROOM036,Friday,2,10:00-11:00
TT537,CRS171,SUB001,SEC018,FAC035,ROOM036,Friday,3,11:15-12:15
TT538,CRS172,SUB002,SEC018,FAC036,ROOM036,Friday,4,12:15-01:15
TT539,CRS177,SUB007,SEC018,FAC041,ROOM036,Friday,5,02:00-03:00
TT540,CRS173,SUB003,SEC018,FAC037,ROOM036,Friday,6,03:00-04:00
TT541,CRS186,SUB006,SEC019,FAC040,ROOM037,Monday,1,09:00-10:00
TT542,CRS189,SUB009,SEC019,FAC043,ROOM037,Monday,2,10:00-11:00
TT543,CRS183,SUB003,SEC019,FAC037,ROOM037,Monday,3,11:15-12:15
TT544,CRS186,SUB006,SEC019,FAC040,ROOM037,Monday,4,12:15-01:15
TT545,CRS184,SUB004,SEC019,FAC038,ROOM037,Monday,5,02:00-03:00
TT546,CRS188,SUB008,SEC019,FAC042,ROOM037,Monday,6,03:00-04:00
TT547,CRS182,SUB002,SEC019,FAC036,ROOM037,Tuesday,1,09:00-10:00
TT548,CRS189,SUB009,SEC019,FAC043,ROOM037,Tuesday,2,10:00-11:00
TT549,CRS183,SUB003,SEC019,FAC037,ROOM037,Tuesday,3,11:15-12:15
TT550,CRS182,SUB002,SEC019,FAC036,ROOM037,Tuesday,4,12:15-01:15
TT551,CRS186,SUB006,SEC019,FAC040,ROOM037,Tuesday,5,02:00-03:00
TT552,CRS184,SUB004,SEC019,FAC038,ROOM037,Tuesday,6,03:00-04:00
TT553,CRS182,SUB002,SEC019,FAC036,ROOM037,Wednesday,1,09:00-10:00
TT554,CRS190,SUB010,SEC019,FAC044,ROOM037,Wednesday,2,10:00-11:00
TT555,CRS185,SUB005,SEC019,FAC039,ROOM037,Wednesday,3,11:15-12:15
TT556,CRS189,SUB009,SEC019,FAC043,ROOM037,Wednesday,4,12:15-01:15
TT557,CRS190,SUB010,SEC019,FAC044,ROOM037,Wednesday,5,02:00-03:00
TT558,CRS190,SUB010,SEC019,FAC044,ROOM037,Wednesday,6,03:00-04:00
TT559,CRS187,SUB007,SEC019,FAC041,ROOM037,Thursday,1,09:00-10:00
TT560,CRS182,SUB002,SEC019,FAC036,ROOM037,Thursday,2,10:00-11:00
TT561,CRS188,SUB008,SEC019,FAC042,ROOM037,Thursday,3,11:15-12:15
TT562,CRS188,SUB008,SEC019,FAC042,ROOM037,Thursday,4,12:15-01:15
TT563,CRS181,SUB001,SEC019,FAC035,ROOM037,Thursday,5,02:00-03:00
TT564,CRS182,SUB002,SEC019,FAC036,ROOM037,Thursday,6,03:00-04:00
TT565,CRS184,SUB004,SEC019,FAC038,ROOM037,Friday,1,09:00-10:00
TT566,CRS187,SUB007,SEC019,FAC041,ROOM037,Friday,2,10:00-11:00
TT567,CRS187,SUB007,SEC019,FAC041,ROOM037,Friday,3,11:15-12:15
TT568,CRS184,SUB004,SEC019,FAC038,ROOM037,Friday,4,12:15-01:15
TT569,CRS185,SUB005,SEC019,FAC039,ROOM037,Friday,5,02:00-03:00
TT570,CRS190,SUB010,SEC019,FAC044,ROOM037,Friday,6,03:00-04:00
TT571,CRS196,SUB016,SEC020,FAC050,ROOM038,Monday,1,09:00-10:00
TT572,CRS198,SUB018,SEC020,FAC052,ROOM038,Monday,2,10:00-11:00
TT573,CRS193,SUB013,SEC020,FAC047,ROOM038,Monday,3,11:15-12:15
TT574,CRS200,SUB020,SEC020,FAC054,ROOM038,Monday,4,12:15-01:15
TT575,CRS197,SUB017,SEC020,FAC051,ROOM038,Monday,5,02:00-03:00
TT576,CRS198,SUB018,SEC020,FAC052,ROOM038,Monday,6,03:00-04:00
TT577,CRS199,SUB019,SEC020,FAC053,ROOM038,Tuesday,1,09:00-10:00
TT578,CRS191,SUB011,SEC020,FAC045,ROOM038,Tuesday,2,10:00-11:00
TT579,CRS194,SUB014,SEC020,FAC048,ROOM038,Tuesday,3,11:15-12:15
TT580,CRS200,SUB020,SEC020,FAC054,ROOM038,Tuesday,4,12:15-01:15
TT581,CRS193,SUB013,SEC020,FAC047,ROOM038,Tuesday,5,02:00-03:00
TT582,CRS193,SUB013,SEC020,FAC047,ROOM038,Tuesday,6,03:00-04:00
TT583,CRS195,SUB015,SEC020,FAC049,ROOM038,Wednesday,1,09:00-10:00
TT584,CRS197,SUB017,SEC020,FAC051,ROOM038,Wednesday,2,10:00-11:00
TT585,CRS194,SUB014,SEC020,FAC048,ROOM038,Wednesday,3,11:15-12:15
TT586,CRS194,SUB014,SEC020,FAC048,ROOM038,Wednesday,4,12:15-01:15
TT587,CRS197,SUB017,SEC020,FAC051,ROOM038,Wednesday,5,02:00-03:00
TT588,CRS195,SUB015,SEC020,FAC049,ROOM038,Wednesday,6,03:00-04:00
TT589,CRS196,SUB016,SEC020,FAC050,ROOM038,Thursday,1,09:00-10:00
TT590,CRS196,SUB016,SEC020,FAC050,ROOM038,Thursday,2,10:00-11:00
TT591,CRS196,SUB016,SEC020,FAC050,ROOM038,Thursday,3,11:15-12:15
TT592,CRS194,SUB014,SEC020,FAC048,ROOM038,Thursday,4,12:15-01:15
TT593,CRS199,SUB019,SEC020,FAC053,ROOM038,Thursday,5,02:00-03:00
TT594,CRS199,SUB019,SEC020,FAC053,ROOM038,Thursday,6,03:00-04:00
TT595,CRS199,SUB019,SEC020,FAC053,ROOM038,Friday,1,09:00-10:00
TT596,CRS197,SUB017,SEC020,FAC051,ROOM038,Friday,2,10:00-11:00
TT597,CRS199,SUB019,SEC020,FAC053,ROOM038,Friday,3,11:15-12:15
TT598,CRS192,SUB012,SEC020,FAC046,ROOM038,Friday,4,12:15-01:15
TT599,CRS192,SUB012,SEC020,FAC046,ROOM038,Friday,5,02:00-03:00
TT600,CRS191,SUB011,SEC020,FAC045,ROOM038,Friday,6,03:00-04:00
TT601,CRS202,SUB012,SEC021,FAC046,ROOM039,Monday,1,09:00-10:00
TT602,CRS204,SUB014,SEC021,FAC048,ROOM039,Monday,2,10:00-11:00
TT603,CRS210,SUB020,SEC021,FAC054,ROOM039,Monday,3,11:15-12:15
TT604,CRS205,SUB015,SEC021,FAC049,ROOM039,Monday,4,12:15-01:15
TT605,CRS204,SUB014,SEC021,FAC048,ROOM039,Monday,5,02:00-03:00
TT606,CRS207,SUB017,SEC021,FAC051,ROOM039,Monday,6,03:00-04:00
TT607,CRS207,SUB017,SEC021,FAC051,ROOM039,Tuesday,1,09:00-10:00
TT608,CRS202,SUB012,SEC021,FAC046,ROOM039,Tuesday,2,10:00-11:00
TT609,CRS208,SUB018,SEC021,FAC052,ROOM039,Tuesday,3,11:15-12:15
TT610,CRS207,SUB017,SEC021,FAC051,ROOM039,Tuesday,4,12:15-01:15
TT611,CRS206,SUB016,SEC021,FAC050,ROOM039,Tuesday,5,02:00-03:00
TT612,CRS210,SUB020,SEC021,FAC054,ROOM039,Tuesday,6,03:00-04:00
TT613,CRS205,SUB015,SEC021,FAC049,ROOM039,Wednesday,1,09:00-10:00
TT614,CRS204,SUB014,SEC021,FAC048,ROOM039,Wednesday,2,10:00-11:00
TT615,CRS201,SUB011,SEC021,FAC045,ROOM039,Wednesday,3,11:15-12:15
TT616,CRS210,SUB020,SEC021,FAC054,ROOM039,Wednesday,4,12:15-01:15
TT617,CRS207,SUB017,SEC021,FAC051,ROOM039,Wednesday,5,02:00-03:00
TT618,CRS208,SUB018,SEC021,FAC052,ROOM039,Wednesday,6,03:00-04:00
TT619,CRS203,SUB013,SEC021,FAC047,ROOM039,Thursday,1,09:00-10:00
TT620,CRS209,SUB019,SEC021,FAC053,ROOM039,Thursday,2,10:00-11:00
TT621,CRS205,SUB015,SEC021,FAC049,ROOM039,Thursday,3,11:15-12:15
TT622,CRS204,SUB014,SEC021,FAC048,ROOM039,Thursday,4,12:15-01:15
TT623,CRS209,SUB019,SEC021,FAC053,ROOM039,Thursday,5,02:00-03:00
TT624,CRS206,SUB016,SEC021,FAC050,ROOM039,Thursday,6,03:00-04:00
TT625,CRS210,SUB020,SEC021,FAC054,ROOM039,Friday,1,09:00-10:00
TT626,CRS203,SUB013,SEC021,FAC047,ROOM039,Friday,2,10:00-11:00
TT627,CRS209,SUB019,SEC021,FAC053,ROOM039,Friday,3,11:15-12:15
TT628,CRS206,SUB016,SEC021,FAC050,ROOM039,Friday,4,12:15-01:15
TT629,CRS201,SUB011,SEC021,FAC045,ROOM039,Friday,5,02:00-03:00
TT630,CRS205,SUB015,SEC021,FAC049,ROOM039,Friday,6,03:00-04:00
TT631,CRS218,SUB018,SEC022,FAC052,ROOM040,Monday,1,09:00-10:00
TT632,CRS219,SUB019,SEC022,FAC053,ROOM040,Monday,2,10:00-11:00
TT633,CRS217,SUB017,SEC022,FAC051,ROOM040,Monday,3,11:15-12:15
TT634,CRS217,SUB017,SEC022,FAC051,ROOM040,Monday,4,12:15-01:15
TT635,CRS212,SUB012,SEC022,FAC046,ROOM040,Monday,5,02:00-03:00
TT636,CRS211,SUB011,SEC022,FAC045,ROOM040,Monday,6,03:00-04:00
TT637,CRS220,SUB020,SEC022,FAC054,ROOM040,Tuesday,1,09:00-10:00
TT638,CRS214,SUB014,SEC022,FAC048,ROOM040,Tuesday,2,10:00-11:00
TT639,CRS220,SUB020,SEC022,FAC054,ROOM040,Tuesday,3,11:15-12:15
TT640,CRS212,SUB012,SEC022,FAC046,ROOM040,Tuesday,4,12:15-01:15
TT641,CRS215,SUB015,SEC022,FAC049,ROOM040,Tuesday,5,02:00-03:00
TT642,CRS218,SUB018,SEC022,FAC052,ROOM040,Tuesday,6,03:00-04:00
TT643,CRS219,SUB019,SEC022,FAC053,ROOM040,Wednesday,1,09:00-10:00
TT644,CRS213,SUB013,SEC022,FAC047,ROOM040,Wednesday,2,10:00-11:00
TT645,CRS218,SUB018,SEC022,FAC052,ROOM040,Wednesday,3,11:15-12:15
TT646,CRS211,SUB011,SEC022,FAC045,ROOM040,Wednesday,4,12:15-01:15
TT647,CRS217,SUB017,SEC022,FAC051,ROOM040,Wednesday,5,02:00-03:00
TT648,CRS216,SUB016,SEC022,FAC050,ROOM040,Wednesday,6,03:00-04:00
TT649,CRS213,SUB013,SEC022,FAC047,ROOM040,Thursday,1,09:00-10:00
TT650,CRS215,SUB015,SEC022,FAC049,ROOM040,Thursday,2,10:00-11:00
TT651,CRS212,SUB012,SEC022,FAC046,ROOM040,Thursday,3,11:15-12:15
TT652,CRS212,SUB012,SEC022,FAC046,ROOM040,Thursday,4,12:15-01:15
TT653,CRS215,SUB015,SEC022,FAC049,ROOM040,Thursday,5,02:00-03:00
TT654,CRS213,SUB013,SEC022,FAC047,ROOM040,Thursday,6,03:00-04:00
TT655,CRS211,SUB011,SEC022,FAC045,ROOM040,Friday,1,09:00-10:00
TT656,CRS214,SUB014,SEC022,FAC048,ROOM040,Friday,2,10:00-11:00
TT657,CRS215,SUB015,SEC022,FAC049,ROOM040,Friday,3,11:15-12:15
TT658,CRS219,SUB019,SEC022,FAC053,ROOM040,Friday,4,12:15-01:15
TT659,CRS214,SUB014,SEC022,FAC048,ROOM040,Friday,5,02:00-03:00
TT660,CRS219,SUB019,SEC022,FAC053,ROOM040,Friday,6,03:00-04:00
TT661,CRS230,SUB030,SEC023,FAC042,ROOM041,Monday,1,09:00-10:00
TT662,CRS230,SUB030,SEC023,FAC042,ROOM041,Monday,2,10:00-11:00
TT663,CRS229,SUB029,SEC023,FAC041,ROOM041,Monday,3,11:15-12:15
TT664,CRS226,SUB026,SEC023,FAC038,ROOM041,Monday,4,12:15-01:15
TT665,CRS225,SUB025,SEC023,FAC037,ROOM041,Monday,5,02:00-03:00
TT666,CRS227,SUB027,SEC023,FAC039,ROOM041,Monday,6,03:00-04:00
TT667,CRS223,SUB023,SEC023,FAC035,ROOM041,Tuesday,1,09:00-10:00
TT668,CRS222,SUB022,SEC023,FAC056,ROOM041,Tuesday,2,10:00-11:00
TT669,CRS227,SUB027,SEC023,FAC039,ROOM041,Tuesday,3,11:15-12:15
TT670,CRS226,SUB026,SEC023,FAC038,ROOM041,Tuesday,4,12:15-01:15
TT671,CRS229,SUB029,SEC023,FAC041,ROOM041,Tuesday,5,02:00-03:00
TT672,CRS227,SUB027,SEC023,FAC039,ROOM041,Tuesday,6,03:00-04:00
TT673,CRS224,SUB024,SEC023,FAC036,ROOM041,Wednesday,1,09:00-10:00
TT674,CRS224,SUB024,SEC023,FAC036,ROOM041,Wednesday,2,10:00-11:00
TT675,CRS225,SUB025,SEC023,FAC037,ROOM041,Wednesday,3,11:15-12:15
TT676,CRS226,SUB026,SEC023,FAC038,ROOM041,Wednesday,4,12:15-01:15
TT677,CRS222,SUB022,SEC023,FAC056,ROOM041,Wednesday,5,02:00-03:00
TT678,CRS228,SUB028,SEC023,FAC040,ROOM041,Wednesday,6,03:00-04:00
TT679,CRS230,SUB030,SEC023,FAC042,ROOM041,Thursday,1,09:00-10:00
TT680,CRS225,SUB025,SEC023,FAC037,ROOM041,Thursday,2,10:00-11:00
TT681,CRS230,SUB030,SEC023,FAC042,ROOM041,Thursday,3,11:15-12:15
TT682,CRS229,SUB029,SEC023,FAC041,ROOM041,Thursday,4,12:15-01:15
TT683,CRS221,SUB021,SEC023,FAC055,ROOM041,Thursday,5,02:00-03:00
TT684,CRS221,SUB021,SEC023,FAC055,ROOM041,Thursday,6,03:00-04:00
TT685,CRS221,SUB021,SEC023,FAC055,ROOM041,Friday,1,09:00-10:00
TT686,CRS224,SUB024,SEC023,FAC036,ROOM041,Friday,2,10:00-11:00
TT687,CRS224,SUB024,SEC023,FAC036,ROOM041,Friday,3,11:15-12:15
TT688,CRS227,SUB027,SEC023,FAC039,ROOM041,Friday,4,12:15-01:15
TT689,CRS226,SUB026,SEC023,FAC038,ROOM041,Friday,5,02:00-03:00
TT690,CRS228,SUB028,SEC023,FAC040,ROOM041,Friday,6,03:00-04:00
TT691,CRS237,SUB027,SEC024,FAC039,ROOM042,Monday,1,09:00-10:00
TT692,CRS240,SUB030,SEC024,FAC042,ROOM042,Monday,2,10:00-11:00
TT693,CRS231,SUB021,SEC024,FAC055,ROOM042,Monday,3,11:15-12:15
TT694,CRS238,SUB028,SEC024,FAC040,ROOM042,Monday,4,12:15-01:15
TT695,CRS236,SUB026,SEC024,FAC038,ROOM042,Monday,5,02:00-03:00
TT696,CRS235,SUB025,SEC024,FAC037,ROOM042,Monday,6,03:00-04:00
TT697,CRS234,SUB024,SEC024,FAC036,ROOM042,Tuesday,1,09:00-10:00
TT698,CRS231,SUB021,SEC024,FAC055,ROOM042,Tuesday,2,10:00-11:00
TT699,CRS232,SUB022,SEC024,FAC056,ROOM042,Tuesday,3,11:15-12:15
TT700,CRS235,SUB025,SEC024,FAC037,ROOM042,Tuesday,4,12:15-01:15
TT701,CRS234,SUB024,SEC024,FAC036,ROOM042,Tuesday,5,02:00-03:00
TT702,CRS232,SUB022,SEC024,FAC056,ROOM042,Tuesday,6,03:00-04:00
TT703,CRS233,SUB023,SEC024,FAC035,ROOM042,Wednesday,1,09:00-10:00
TT704,CRS239,SUB029,SEC024,FAC041,ROOM042,Wednesday,2,10:00-11:00
TT705,CRS240,SUB030,SEC024,FAC042,ROOM042,Wednesday,3,11:15-12:15
TT706,CRS231,SUB021,SEC024,FAC055,ROOM042,Wednesday,4,12:15-01:15
TT707,CRS236,SUB026,SEC024,FAC038,ROOM042,Wednesday,5,02:00-03:00
TT708,CRS234,SUB024,SEC024,FAC036,ROOM042,Wednesday,6,03:00-04:00
TT709,CRS235,SUB025,SEC024,FAC037,ROOM042,Thursday,1,09:00-10:00
TT710,CRS239,SUB029,SEC024,FAC041,ROOM042,Thursday,2,10:00-11:00
TT711,CRS239,SUB029,SEC024,FAC041,ROOM042,Thursday,3,11:15-12:15
TT712,CRS237,SUB027,SEC024,FAC039,ROOM042,Thursday,4,12:15-01:15
TT713,CRS240,SUB030,SEC024,FAC042,ROOM042,Thursday,5,02:00-03:00
TT714,CRS238,SUB028,SEC024,FAC040,ROOM042,Thursday,6,03:00-04:00
TT715,CRS239,SUB029,SEC024,FAC041,ROOM042,Friday,1,09:00-10:00
TT716,CRS237,SUB027,SEC024,FAC039,ROOM042,Friday,2,10:00-11:00
TT717,CRS232,SUB022,SEC024,FAC056,ROOM042,Friday,3,11:15-12:15
TT718,CRS238,SUB028,SEC024,FAC040,ROOM042,Friday,4,12:15-01:15
TT719,CRS238,SUB028,SEC024,FAC040,ROOM042,Friday,5,02:00-03:00
TT720,CRS240,SUB030,SEC024,FAC042,ROOM042,Friday,6,03:00-04:00
TT721,CRS241,SUB021,SEC025,FAC055,ROOM043,Monday,1,09:00-10:00
TT722,CRS247,SUB027,SEC025,FAC039,ROOM043,Monday,2,10:00-11:00
TT723,CRS241,SUB021,SEC025,FAC055,ROOM043,Monday,3,11:15-12:15
TT724,CRS243,SUB023,SEC025,FAC035,ROOM043,Monday,4,12:15-01:15
TT725,CRS243,SUB023,SEC025,FAC035,ROOM043,Monday,5,02:00-03:00
TT726,CRS247,SUB027,SEC025,FAC039,ROOM043,Monday,6,03:00-04:00
TT727,CRS248,SUB028,SEC025,FAC040,ROOM043,Tuesday,1,09:00-10:00
TT728,CRS241,SUB021,SEC025,FAC055,ROOM043,Tuesday,2,10:00-11:00
TT729,CRS245,SUB025,SEC025,FAC037,ROOM043,Tuesday,3,11:15-12:15
TT730,CRS241,SUB021,SEC025,FAC055,ROOM043,Tuesday,4,12:15-01:15
TT731,CRS249,SUB029,SEC025,FAC041,ROOM043,Tuesday,5,02:00-03:00
TT732,CRS242,SUB022,SEC025,FAC056,ROOM043,Tuesday,6,03:00-04:00
TT733,CRS248,SUB028,SEC025,FAC040,ROOM043,Wednesday,1,09:00-10:00
TT734,CRS247,SUB027,SEC025,FAC039,ROOM043,Wednesday,2,10:00-11:00
TT735,CRS249,SUB029,SEC025,FAC041,ROOM043,Wednesday,3,11:15-12:15
TT736,CRS244,SUB024,SEC025,FAC036,ROOM043,Wednesday,4,12:15-01:15
TT737,CRS248,SUB028,SEC025,FAC040,ROOM043,Wednesday,5,02:00-03:00
TT738,CRS242,SUB022,SEC025,FAC056,ROOM043,Wednesday,6,03:00-04:00
TT739,CRS243,SUB023,SEC025,FAC035,ROOM043,Thursday,1,09:00-10:00
TT740,CRS247,SUB027,SEC025,FAC039,ROOM043,Thursday,2,10:00-11:00
TT741,CRS246,SUB026,SEC025,FAC038,ROOM043,Thursday,3,11:15-12:15
TT742,CRS248,SUB028,SEC025,FAC040,ROOM043,Thursday,4,12:15-01:15
TT743,CRS242,SUB022,SEC025,FAC056,ROOM043,Thursday,5,02:00-03:00
TT744,CRS250,SUB030,SEC025,FAC042,ROOM043,Thursday,6,03:00-04:00
TT745,CRS250,SUB030,SEC025,FAC042,ROOM043,Friday,1,09:00-10:00
TT746,CRS250,SUB030,SEC025,FAC042,ROOM043,Friday,2,10:00-11:00
TT747,CRS244,SUB024,SEC025,FAC036,ROOM043,Friday,3,11:15-12:15
TT748,CRS249,SUB029,SEC025,FAC041,ROOM043,Friday,4,12:15-01:15
TT749,CRS246,SUB026,SEC025,FAC038,ROOM043,Friday,5,02:00-03:00
TT750,CRS245,SUB025,SEC025,FAC037,ROOM043,Friday,6,03:00-04:00
TT751,CRS253,SUB033,SEC026,FAC045,ROOM044,Monday,1,09:00-10:00
TT752,CRS260,SUB040,SEC026,FAC052,ROOM044,Monday,2,10:00-11:00
TT753,CRS255,SUB035,SEC026,FAC047,ROOM044,Monday,3,11:15-12:15
TT754,CRS254,SUB034,SEC026,FAC046,ROOM044,Monday,4,12:15-01:15
TT755,CRS253,SUB033,SEC026,FAC045,ROOM044,Monday,5,02:00-03:00
TT756,CRS257,SUB037,SEC026,FAC049,ROOM044,Monday,6,03:00-04:00
TT757,CRS260,SUB040,SEC026,FAC052,ROOM044,Tuesday,1,09:00-10:00
TT758,CRS255,SUB035,SEC026,FAC047,ROOM044,Tuesday,2,10:00-11:00
TT759,CRS258,SUB038,SEC026,FAC050,ROOM044,Tuesday,3,11:15-12:15
TT760,CRS252,SUB032,SEC026,FAC044,ROOM044,Tuesday,4,12:15-01:15
TT761,CRS253,SUB033,SEC026,FAC045,ROOM044,Tuesday,5,02:00-03:00
TT762,CRS256,SUB036,SEC026,FAC048,ROOM044,Tuesday,6,03:00-04:00
TT763,CRS259,SUB039,SEC026,FAC051,ROOM044,Wednesday,1,09:00-10:00
TT764,CRS257,SUB037,SEC026,FAC049,ROOM044,Wednesday,2,10:00-11:00
TT765,CRS257,SUB037,SEC026,FAC049,ROOM044,Wednesday,3,11:15-12:15
TT766,CRS252,SUB032,SEC026,FAC044,ROOM044,Wednesday,4,12:15-01:15
TT767,CRS251,SUB031,SEC026,FAC043,ROOM044,Wednesday,5,02:00-03:00
TT768,CRS253,SUB033,SEC026,FAC045,ROOM044,Wednesday,6,03:00-04:00
TT769,CRS258,SUB038,SEC026,FAC050,ROOM044,Thursday,1,09:00-10:00
TT770,CRS251,SUB031,SEC026,FAC043,ROOM044,Thursday,2,10:00-11:00
TT771,CRS252,SUB032,SEC026,FAC044,ROOM044,Thursday,3,11:15-12:15
TT772,CRS259,SUB039,SEC026,FAC051,ROOM044,Thursday,4,12:15-01:15
TT773,CRS252,SUB032,SEC026,FAC044,ROOM044,Thursday,5,02:00-03:00
TT774,CRS256,SUB036,SEC026,FAC048,ROOM044,Thursday,6,03:00-04:00
TT775,CRS256,SUB036,SEC026,FAC048,ROOM044,Friday,1,09:00-10:00
TT776,CRS254,SUB034,SEC026,FAC046,ROOM044,Friday,2,10:00-11:00
TT777,CRS259,SUB039,SEC026,FAC051,ROOM044,Friday,3,11:15-12:15
TT778,CRS253,SUB033,SEC026,FAC045,ROOM044,Friday,4,12:15-01:15
TT779,CRS254,SUB034,SEC026,FAC046,ROOM044,Friday,5,02:00-03:00
TT780,CRS259,SUB039,SEC026,FAC051,ROOM044,Friday,6,03:00-04:00
TT781,CRS263,SUB033,SEC027,FAC045,ROOM045,Monday,1,09:00-10:00
TT782,CRS266,SUB036,SEC027,FAC048,ROOM045,Monday,2,10:00-11:00
TT783,CRS270,SUB040,SEC027,FAC052,ROOM045,Monday,3,11:15-12:15
TT784,CRS265,SUB035,SEC027,FAC047,ROOM045,Monday,4,12:15-01:15
TT785,CRS265,SUB035,SEC027,FAC047,ROOM045,Monday,5,02:00-03:00
TT786,CRS270,SUB040,SEC027,FAC052,ROOM045,Monday,6,03:00-04:00
TT787,CRS264,SUB034,SEC027,FAC046,ROOM045,Tuesday,1,09:00-10:00
TT788,CRS261,SUB031,SEC027,FAC043,ROOM045,Tuesday,2,10:00-11:00
TT789,CRS266,SUB036,SEC027,FAC048,ROOM045,Tuesday,3,11:15-12:15
TT790,CRS261,SUB031,SEC027,FAC043,ROOM045,Tuesday,4,12:15-01:15
TT791,CRS266,SUB036,SEC027,FAC048,ROOM045,Tuesday,5,02:00-03:00
TT792,CRS262,SUB032,SEC027,FAC044,ROOM045,Tuesday,6,03:00-04:00
TT793,CRS267,SUB037,SEC027,FAC049,ROOM045,Wednesday,1,09:00-10:00
TT794,CRS261,SUB031,SEC027,FAC043,ROOM045,Wednesday,2,10:00-11:00
TT795,CRS269,SUB039,SEC027,FAC051,ROOM045,Wednesday,3,11:15-12:15
TT796,CRS262,SUB032,SEC027,FAC044,ROOM045,Wednesday,4,12:15-01:15
TT797,CRS266,SUB036,SEC027,FAC048,ROOM045,Wednesday,5,02:00-03:00
TT798,CRS270,SUB040,SEC027,FAC052,ROOM045,Wednesday,6,03:00-04:00
TT799,CRS267,SUB037,SEC027,FAC049,ROOM045,Thursday,1,09:00-10:00
TT800,CRS268,SUB038,SEC027,FAC050,ROOM045,Thursday,2,10:00-11:00
TT801,CRS262,SUB032,SEC027,FAC044,ROOM045,Thursday,3,11:15-12:15
TT802,CRS267,SUB037,SEC027,FAC049,ROOM045,Thursday,4,12:15-01:15
TT803,CRS270,SUB040,SEC027,FAC052,ROOM045,Thursday,5,02:00-03:00
TT804,CRS264,SUB034,SEC027,FAC046,ROOM045,Thursday,6,03:00-04:00
TT805,CRS265,SUB035,SEC027,FAC047,ROOM045,Friday,1,09:00-10:00
TT806,CRS266,SUB036,SEC027,FAC048,ROOM045,Friday,2,10:00-11:00
TT807,CRS268,SUB038,SEC027,FAC050,ROOM045,Friday,3,11:15-12:15
TT808,CRS268,SUB038,SEC027,FAC050,ROOM045,Friday,4,12:15-01:15
TT809,CRS269,SUB039,SEC027,FAC051,ROOM045,Friday,5,02:00-03:00
TT810,CRS265,SUB035,SEC027,FAC047,ROOM045,Friday,6,03:00-04:00
TT811,CRS279,SUB039,SEC028,FAC051,ROOM046,Monday,1,09:00-10:00
TT812,CRS277,SUB037,SEC028,FAC049,ROOM046,Monday,2,10:00-11:00
TT813,CRS274,SUB034,SEC028,FAC046,ROOM046,Monday,3,11:15-12:15
TT814,CRS279,SUB039,SEC028,FAC051,ROOM046,Monday,4,12:15-01:15
TT815,CRS280,SUB040,SEC028,FAC052,ROOM046,Monday,5,02:00-03:00
TT816,CRS274,SUB034,SEC028,FAC046,ROOM046,Monday,6,03:00-04:00
TT817,CRS278,SUB038,SEC028,FAC050,ROOM046,Tuesday,1,09:00-10:00
TT818,CRS271,SUB031,SEC028,FAC043,ROOM046,Tuesday,2,10:00-11:00
TT819,CRS278,SUB038,SEC028,FAC050,ROOM046,Tuesday,3,11:15-12:15
TT820,CRS271,SUB031,SEC028,FAC043,ROOM046,Tuesday,4,12:15-01:15
TT821,CRS275,SUB035,SEC028,FAC047,ROOM046,Tuesday,5,02:00-03:00
TT822,CRS273,SUB033,SEC028,FAC045,ROOM046,Tuesday,6,03:00-04:00
TT823,CRS278,SUB038,SEC028,FAC050,ROOM046,Wednesday,1,09:00-10:00
TT824,CRS271,SUB031,SEC028,FAC043,ROOM046,Wednesday,2,10:00-11:00
TT825,CRS279,SUB039,SEC028,FAC051,ROOM046,Wednesday,3,11:15-12:15
TT826,CRS280,SUB040,SEC028,FAC052,ROOM046,Wednesday,4,12:15-01:15
TT827,CRS280,SUB040,SEC028,FAC052,ROOM046,Wednesday,5,02:00-03:00
TT828,CRS276,SUB036,SEC028,FAC048,ROOM046,Wednesday,6,03:00-04:00
TT829,CRS271,SUB031,SEC028,FAC043,ROOM046,Thursday,1,09:00-10:00
TT830,CRS274,SUB034,SEC028,FAC046,ROOM046,Thursday,2,10:00-11:00
TT831,CRS277,SUB037,SEC028,FAC049,ROOM046,Thursday,3,11:15-12:15
TT832,CRS280,SUB040,SEC028,FAC052,ROOM046,Thursday,4,12:15-01:15
TT833,CRS274,SUB034,SEC028,FAC046,ROOM046,Thursday,5,02:00-03:00
TT834,CRS276,SUB036,SEC028,FAC048,ROOM046,Thursday,6,03:00-04:00
TT835,CRS273,SUB033,SEC028,FAC045,ROOM046,Friday,1,09:00-10:00
TT836,CRS278,SUB038,SEC028,FAC050,ROOM046,Friday,2,10:00-11:00
TT837,CRS277,SUB037,SEC028,FAC049,ROOM046,Friday,3,11:15-12:15
TT838,CRS276,SUB036,SEC028,FAC048,ROOM046,Friday,4,12:15-01:15
TT839,CRS275,SUB035,SEC028,FAC047,ROOM046,Friday,5,02:00-03:00
TT840,CRS276,SUB036,SEC028,FAC048,ROOM046,Friday,6,03:00-04:00
TT841,CRS286,SUB006,SEC029,FAC062,ROOM023,Monday,1,09:00-10:00
TT842,CRS284,SUB004,SEC029,FAC060,ROOM023,Monday,2,10:00-11:00
TT843,CRS286,SUB006,SEC029,FAC062,ROOM023,Monday,3,11:15-12:15
TT844,CRS287,SUB007,SEC029,FAC063,ROOM023,Monday,4,12:15-01:15
TT845,CRS286,SUB006,SEC029,FAC062,ROOM023,Monday,5,02:00-03:00
TT846,CRS285,SUB005,SEC029,FAC061,ROOM023,Monday,6,03:00-04:00
TT847,CRS285,SUB005,SEC029,FAC061,ROOM023,Tuesday,1,09:00-10:00
TT848,CRS290,SUB010,SEC029,FAC066,ROOM023,Tuesday,2,10:00-11:00
TT849,CRS282,SUB002,SEC029,FAC058,ROOM023,Tuesday,3,11:15-12:15
TT850,CRS287,SUB007,SEC029,FAC063,ROOM023,Tuesday,4,12:15-01:15
TT851,CRS283,SUB003,SEC029,FAC059,ROOM023,Tuesday,5,02:00-03:00
TT852,CRS281,SUB001,SEC029,FAC057,ROOM023,Tuesday,6,03:00-04:00
TT853,CRS289,SUB009,SEC029,FAC065,ROOM023,Wednesday,1,09:00-10:00
TT854,CRS288,SUB008,SEC029,FAC064,ROOM023,Wednesday,2,10:00-11:00
TT855,CRS281,SUB001,SEC029,FAC057,ROOM023,Wednesday,3,11:15-12:15
TT856,CRS281,SUB001,SEC029,FAC057,ROOM023,Wednesday,4,12:15-01:15
TT857,CRS288,SUB008,SEC029,FAC064,ROOM023,Wednesday,5,02:00-03:00
TT858,CRS282,SUB002,SEC029,FAC058,ROOM023,Wednesday,6,03:00-04:00
TT859,CRS284,SUB004,SEC029,FAC060,ROOM023,Thursday,1,09:00-10:00
TT860,CRS290,SUB010,SEC029,FAC066,ROOM023,Thursday,2,10:00-11:00
TT861,CRS289,SUB009,SEC029,FAC065,ROOM023,Thursday,3,11:15-12:15
TT862,CRS289,SUB009,SEC029,FAC065,ROOM023,Thursday,4,12:15-01:15
TT863,CRS281,SUB001,SEC029,FAC057,ROOM023,Thursday,5,02:00-03:00
TT864,CRS286,SUB006,SEC029,FAC062,ROOM023,Thursday,6,03:00-04:00
TT865,CRS284,SUB004,SEC029,FAC060,ROOM023,Friday,1,09:00-10:00
TT866,CRS287,SUB007,SEC029,FAC063,ROOM023,Friday,2,10:00-11:00
TT867,CRS288,SUB008,SEC029,FAC064,ROOM023,Friday,3,11:15-12:15
TT868,CRS286,SUB006,SEC029,FAC062,ROOM023,Friday,4,12:15-01:15
TT869,CRS283,SUB003,SEC029,FAC059,ROOM023,Friday,5,02:00-03:00
TT870,CRS282,SUB002,SEC029,FAC058,ROOM023,Friday,6,03:00-04:00
TT871,CRS297,SUB007,SEC030,FAC063,ROOM024,Monday,1,09:00-10:00
TT872,CRS300,SUB010,SEC030,FAC066,ROOM024,Monday,2,10:00-11:00
TT873,CRS296,SUB006,SEC030,FAC062,ROOM024,Monday,3,11:15-12:15
TT874,CRS299,SUB009,SEC030,FAC065,ROOM024,Monday,4,12:15-01:15
TT875,CRS297,SUB007,SEC030,FAC063,ROOM024,Monday,5,02:00-03:00
TT876,CRS291,SUB001,SEC030,FAC057,ROOM024,Monday,6,03:00-04:00
TT877,CRS300,SUB010,SEC030,FAC066,ROOM024,Tuesday,1,09:00-10:00
TT878,CRS292,SUB002,SEC030,FAC058,ROOM024,Tuesday,2,10:00-11:00
TT879,CRS296,SUB006,SEC030,FAC062,ROOM024,Tuesday,3,11:15-12:15
TT880,CRS291,SUB001,SEC030,FAC057,ROOM024,Tuesday,4,12:15-01:15
TT881,CRS294,SUB004,SEC030,FAC060,ROOM024,Tuesday,5,02:00-03:00
TT882,CRS298,SUB008,SEC030,FAC064,ROOM024,Tuesday,6,03:00-04:00
TT883,CRS297,SUB007,SEC030,FAC063,ROOM024,Wednesday,1,09:00-10:00
TT884,CRS298,SUB008,SEC030,FAC064,ROOM024,Wednesday,2,10:00-11:00
TT885,CRS300,SUB010,SEC030,FAC066,ROOM024,Wednesday,3,11:15-12:15
TT886,CRS291,SUB001,SEC030,FAC057,ROOM024,Wednesday,4,12:15-01:15
TT887,CRS298,SUB008,SEC030,FAC064,ROOM024,Wednesday,5,02:00-03:00
TT888,CRS297,SUB007,SEC030,FAC063,ROOM024,Wednesday,6,03:00-04:00
TT889,CRS294,SUB004,SEC030,FAC060,ROOM024,Thursday,1,09:00-10:00
TT890,CRS300,SUB010,SEC030,FAC066,ROOM024,Thursday,2,10:00-11:00
TT891,CRS292,SUB002,SEC030,FAC058,ROOM024,Thursday,3,11:15-12:15
TT892,CRS298,SUB008,SEC030,FAC064,ROOM024,Thursday,4,12:15-01:15
TT893,CRS293,SUB003,SEC030,FAC059,ROOM024,Thursday,5,02:00-03:00
TT894,CRS299,SUB009,SEC030,FAC065,ROOM024,Thursday,6,03:00-04:00
TT895,CRS296,SUB006,SEC030,FAC062,ROOM024,Friday,1,09:00-10:00
TT896,CRS297,SUB007,SEC030,FAC063,ROOM024,Friday,2,10:00-11:00
TT897,CRS299,SUB009,SEC030,FAC065,ROOM024,Friday,3,11:15-12:15
TT898,CRS294,SUB004,SEC030,FAC060,ROOM024,Friday,4,12:15-01:15
TT899,CRS294,SUB004,SEC030,FAC060,ROOM024,Friday,5,02:00-03:00
TT900,CRS293,SUB003,SEC030,FAC059,ROOM024,Friday,6,03:00-04:00
TT901,CRS310,SUB020,SEC031,FAC060,ROOM025,Monday,1,09:00-10:00
TT902,CRS305,SUB015,SEC031,FAC071,ROOM025,Monday,2,10:00-11:00
TT903,CRS309,SUB019,SEC031,FAC059,ROOM025,Monday,3,11:15-12:15
TT904,CRS308,SUB018,SEC031,FAC058,ROOM025,Monday,4,12:15-01:15
TT905,CRS307,SUB017,SEC031,FAC057,ROOM025,Monday,5,02:00-03:00
TT906,CRS303,SUB013,SEC031,FAC069,ROOM025,Monday,6,03:00-04:00
TT907,CRS310,SUB020,SEC031,FAC060,ROOM025,Tuesday,1,09:00-10:00
TT908,CRS308,SUB018,SEC031,FAC058,ROOM025,Tuesday,2,10:00-11:00
TT909,CRS302,SUB012,SEC031,FAC068,ROOM025,Tuesday,3,11:15-12:15
TT910,CRS308,SUB018,SEC031,FAC058,ROOM025,Tuesday,4,12:15-01:15
TT911,CRS304,SUB014,SEC031,FAC070,ROOM025,Tuesday,5,02:00-03:00
TT912,CRS307,SUB017,SEC031,FAC057,ROOM025,Tuesday,6,03:00-04:00
TT913,CRS305,SUB015,SEC031,FAC071,ROOM025,Wednesday,1,09:00-10:00
TT914,CRS307,SUB017,SEC031,FAC057,ROOM025,Wednesday,2,10:00-11:00
TT915,CRS303,SUB013,SEC031,FAC069,ROOM025,Wednesday,3,11:15-12:15
TT916,CRS301,SUB011,SEC031,FAC067,ROOM025,Wednesday,4,12:15-01:15
TT917,CRS301,SUB011,SEC031,FAC067,ROOM025,Wednesday,5,02:00-03:00
TT918,CRS306,SUB016,SEC031,FAC072,ROOM025,Wednesday,6,03:00-04:00
TT919,CRS304,SUB014,SEC031,FAC070,ROOM025,Thursday,1,09:00-10:00
TT920,CRS310,SUB020,SEC031,FAC060,ROOM025,Thursday,2,10:00-11:00
TT921,CRS309,SUB019,SEC031,FAC059,ROOM025,Thursday,3,11:15-12:15
TT922,CRS308,SUB018,SEC031,FAC058,ROOM025,Thursday,4,12:15-01:15
TT923,CRS304,SUB014,SEC031,FAC070,ROOM025,Thursday,5,02:00-03:00
TT924,CRS304,SUB014,SEC031,FAC070,ROOM025,Thursday,6,03:00-04:00
TT925,CRS305,SUB015,SEC031,FAC071,ROOM025,Friday,1,09:00-10:00
TT926,CRS306,SUB016,SEC031,FAC072,ROOM025,Friday,2,10:00-11:00
TT927,CRS302,SUB012,SEC031,FAC068,ROOM025,Friday,3,11:15-12:15
TT928,CRS301,SUB011,SEC031,FAC067,ROOM025,Friday,4,12:15-01:15
TT929,CRS310,SUB020,SEC031,FAC060,ROOM025,Friday,5,02:00-03:00
TT930,CRS302,SUB012,SEC031,FAC068,ROOM025,Friday,6,03:00-04:00
TT931,CRS316,SUB016,SEC032,FAC072,ROOM026,Monday,1,09:00-10:00
TT932,CRS316,SUB016,SEC032,FAC072,ROOM026,Monday,2,10:00-11:00
TT933,CRS319,SUB019,SEC032,FAC059,ROOM026,Monday,3,11:15-12:15
TT934,CRS317,SUB017,SEC032,FAC057,ROOM026,Monday,4,12:15-01:15
TT935,CRS311,SUB011,SEC032,FAC067,ROOM026,Monday,5,02:00-03:00
TT936,CRS315,SUB015,SEC032,FAC071,ROOM026,Monday,6,03:00-04:00
TT937,CRS313,SUB013,SEC032,FAC069,ROOM026,Tuesday,1,09:00-10:00
TT938,CRS319,SUB019,SEC032,FAC059,ROOM026,Tuesday,2,10:00-11:00
TT939,CRS316,SUB016,SEC032,FAC072,ROOM026,Tuesday,3,11:15-12:15
TT940,CRS313,SUB013,SEC032,FAC069,ROOM026,Tuesday,4,12:15-01:15
TT941,CRS315,SUB015,SEC032,FAC071,ROOM026,Tuesday,5,02:00-03:00
TT942,CRS312,SUB012,SEC032,FAC068,ROOM026,Tuesday,6,03:00-04:00
TT943,CRS315,SUB015,SEC032,FAC071,ROOM026,Wednesday,1,09:00-10:00
TT944,CRS317,SUB017,SEC032,FAC057,ROOM026,Wednesday,2,10:00-11:00
TT945,CRS319,SUB019,SEC032,FAC059,ROOM026,Wednesday,3,11:15-12:15
TT946,CRS312,SUB012,SEC032,FAC068,ROOM026,Wednesday,4,12:15-01:15
TT947,CRS318,SUB018,SEC032,FAC058,ROOM026,Wednesday,5,02:00-03:00
TT948,CRS314,SUB014,SEC032,FAC070,ROOM026,Wednesday,6,03:00-04:00
TT949,CRS314,SUB014,SEC032,FAC070,ROOM026,Thursday,1,09:00-10:00
TT950,CRS311,SUB011,SEC032,FAC067,ROOM026,Thursday,2,10:00-11:00
TT951,CRS316,SUB016,SEC032,FAC072,ROOM026,Thursday,3,11:15-12:15
TT952,CRS315,SUB015,SEC032,FAC071,ROOM026,Thursday,4,12:15-01:15
TT953,CRS318,SUB018,SEC032,FAC058,ROOM026,Thursday,5,02:00-03:00
TT954,CRS314,SUB014,SEC032,FAC070,ROOM026,Thursday,6,03:00-04:00
TT955,CRS311,SUB011,SEC032,FAC067,ROOM026,Friday,1,09:00-10:00
TT956,CRS317,SUB017,SEC032,FAC057,ROOM026,Friday,2,10:00-11:00
TT957,CRS312,SUB012,SEC032,FAC068,ROOM026,Friday,3,11:15-12:15
TT958,CRS311,SUB011,SEC032,FAC067,ROOM026,Friday,4,12:15-01:15
TT959,CRS320,SUB020,SEC032,FAC060,ROOM026,Friday,5,02:00-03:00
TT960,CRS311,SUB011,SEC032,FAC067,ROOM026,Friday,6,03:00-04:00
TT961,CRS322,SUB022,SEC033,FAC062,ROOM027,Monday,1,09:00-10:00
TT962,CRS328,SUB028,SEC033,FAC068,ROOM027,Monday,2,10:00-11:00
TT963,CRS327,SUB027,SEC033,FAC067,ROOM027,Monday,3,11:15-12:15
TT964,CRS325,SUB025,SEC033,FAC065,ROOM027,Monday,4,12:15-01:15
TT965,CRS330,SUB030,SEC033,FAC070,ROOM027,Monday,5,02:00-03:00
TT966,CRS325,SUB025,SEC033,FAC065,ROOM027,Monday,6,03:00-04:00
TT967,CRS330,SUB030,SEC033,FAC070,ROOM027,Tuesday,1,09:00-10:00
TT968,CRS327,SUB027,SEC033,FAC067,ROOM027,Tuesday,2,10:00-11:00
TT969,CRS324,SUB024,SEC033,FAC064,ROOM027,Tuesday,3,11:15-12:15
TT970,CRS324,SUB024,SEC033,FAC064,ROOM027,Tuesday,4,12:15-01:15
TT971,CRS322,SUB022,SEC033,FAC062,ROOM027,Tuesday,5,02:00-03:00
TT972,CRS323,SUB023,SEC033,FAC063,ROOM027,Tuesday,6,03:00-04:00
TT973,CRS328,SUB028,SEC033,FAC068,ROOM027,Wednesday,1,09:00-10:00
TT974,CRS321,SUB021,SEC033,FAC061,ROOM027,Wednesday,2,10:00-11:00
TT975,CRS321,SUB021,SEC033,FAC061,ROOM027,Wednesday,3,11:15-12:15
TT976,CRS323,SUB023,SEC033,FAC063,ROOM027,Wednesday,4,12:15-01:15
TT977,CRS328,SUB028,SEC033,FAC068,ROOM027,Wednesday,5,02:00-03:00
TT978,CRS330,SUB030,SEC033,FAC070,ROOM027,Wednesday,6,03:00-04:00
TT979,CRS328,SUB028,SEC033,FAC068,ROOM027,Thursday,1,09:00-10:00
TT980,CRS324,SUB024,SEC033,FAC064,ROOM027,Thursday,2,10:00-11:00
TT981,CRS328,SUB028,SEC033,FAC068,ROOM027,Thursday,3,11:15-12:15
TT982,CRS329,SUB029,SEC033,FAC069,ROOM027,Thursday,4,12:15-01:15
TT983,CRS321,SUB021,SEC033,FAC061,ROOM027,Thursday,5,02:00-03:00
TT984,CRS323,SUB023,SEC033,FAC063,ROOM027,Thursday,6,03:00-04:00
TT985,CRS326,SUB026,SEC033,FAC066,ROOM027,Friday,1,09:00-10:00
TT986,CRS324,SUB024,SEC033,FAC064,ROOM027,Friday,2,10:00-11:00
TT987,CRS329,SUB029,SEC033,FAC069,ROOM027,Friday,3,11:15-12:15
TT988,CRS329,SUB029,SEC033,FAC069,ROOM027,Friday,4,12:15-01:15
TT989,CRS326,SUB026,SEC033,FAC066,ROOM027,Friday,5,02:00-03:00
TT990,CRS321,SUB021,SEC033,FAC061,ROOM027,Friday,6,03:00-04:00
TT991,CRS332,SUB022,SEC034,FAC062,ROOM028,Monday,1,09:00-10:00
TT992,CRS335,SUB025,SEC034,FAC065,ROOM028,Monday,2,10:00-11:00
TT993,CRS335,SUB025,SEC034,FAC065,ROOM028,Monday,3,11:15-12:15
TT994,CRS338,SUB028,SEC034,FAC068,ROOM028,Monday,4,12:15-01:15
TT995,CRS332,SUB022,SEC034,FAC062,ROOM028,Monday,5,02:00-03:00
TT996,CRS333,SUB023,SEC034,FAC063,ROOM028,Monday,6,03:00-04:00
TT997,CRS332,SUB022,SEC034,FAC062,ROOM028,Tuesday,1,09:00-10:00
TT998,CRS340,SUB030,SEC034,FAC070,ROOM028,Tuesday,2,10:00-11:00
TT999,CRS339,SUB029,SEC034,FAC069,ROOM028,Tuesday,3,11:15-12:15
TT1000,CRS332,SUB022,SEC034,FAC062,ROOM028,Tuesday,4,12:15-01:15
TT1001,CRS340,SUB030,SEC034,FAC070,ROOM028,Tuesday,5,02:00-03:00
TT1002,CRS337,SUB027,SEC034,FAC067,ROOM028,Tuesday,6,03:00-04:00
TT1003,CRS336,SUB026,SEC034,FAC066,ROOM028,Wednesday,1,09:00-10:00
TT1004,CRS338,SUB028,SEC034,FAC068,ROOM028,Wednesday,2,10:00-11:00
TT1005,CRS333,SUB023,SEC034,FAC063,ROOM028,Wednesday,3,11:15-12:15
TT1006,CRS331,SUB021,SEC034,FAC061,ROOM028,Wednesday,4,12:15-01:15
TT1007,CRS336,SUB026,SEC034,FAC066,ROOM028,Wednesday,5,02:00-03:00
TT1008,CRS339,SUB029,SEC034,FAC069,ROOM028,Wednesday,6,03:00-04:00
TT1009,CRS335,SUB025,SEC034,FAC065,ROOM028,Thursday,1,09:00-10:00
TT1010,CRS337,SUB027,SEC034,FAC067,ROOM028,Thursday,2,10:00-11:00
TT1011,CRS340,SUB030,SEC034,FAC070,ROOM028,Thursday,3,11:15-12:15
TT1012,CRS333,SUB023,SEC034,FAC063,ROOM028,Thursday,4,12:15-01:15
TT1013,CRS339,SUB029,SEC034,FAC069,ROOM028,Thursday,5,02:00-03:00
TT1014,CRS334,SUB024,SEC034,FAC064,ROOM028,Thursday,6,03:00-04:00
TT1015,CRS337,SUB027,SEC034,FAC067,ROOM028,Friday,1,09:00-10:00
TT1016,CRS338,SUB028,SEC034,FAC068,ROOM028,Friday,2,10:00-11:00
TT1017,CRS337,SUB027,SEC034,FAC067,ROOM028,Friday,3,11:15-12:15
TT1018,CRS340,SUB030,SEC034,FAC070,ROOM028,Friday,4,12:15-01:15
TT1019,CRS333,SUB023,SEC034,FAC063,ROOM028,Friday,5,02:00-03:00
TT1020,CRS333,SUB023,SEC034,FAC063,ROOM028,Friday,6,03:00-04:00
TT1021,CRS343,SUB033,SEC035,FAC057,ROOM029,Monday,1,09:00-10:00
TT1022,CRS350,SUB040,SEC035,FAC064,ROOM029,Monday,2,10:00-11:00
TT1023,CRS350,SUB040,SEC035,FAC064,ROOM029,Monday,3,11:15-12:15
TT1024,CRS345,SUB035,SEC035,FAC059,ROOM029,Monday,4,12:15-01:15
TT1025,CRS341,SUB031,SEC035,FAC071,ROOM029,Monday,5,02:00-03:00
TT1026,CRS348,SUB038,SEC035,FAC062,ROOM029,Monday,6,03:00-04:00
TT1027,CRS343,SUB033,SEC035,FAC057,ROOM029,Tuesday,1,09:00-10:00
TT1028,CRS347,SUB037,SEC035,FAC061,ROOM029,Tuesday,2,10:00-11:00
TT1029,CRS349,SUB039,SEC035,FAC063,ROOM029,Tuesday,3,11:15-12:15
TT1030,CRS346,SUB036,SEC035,FAC060,ROOM029,Tuesday,4,12:15-01:15
TT1031,CRS349,SUB039,SEC035,FAC063,ROOM029,Tuesday,5,02:00-03:00
TT1032,CRS345,SUB035,SEC035,FAC059,ROOM029,Tuesday,6,03:00-04:00
TT1033,CRS350,SUB040,SEC035,FAC064,ROOM029,Wednesday,1,09:00-10:00
TT1034,CRS349,SUB039,SEC035,FAC063,ROOM029,Wednesday,2,10:00-11:00
TT1035,CRS347,SUB037,SEC035,FAC061,ROOM029,Wednesday,3,11:15-12:15
TT1036,CRS341,SUB031,SEC035,FAC071,ROOM029,Wednesday,4,12:15-01:15
TT1037,CRS343,SUB033,SEC035,FAC057,ROOM029,Wednesday,5,02:00-03:00
TT1038,CRS346,SUB036,SEC035,FAC060,ROOM029,Wednesday,6,03:00-04:00
TT1039,CRS341,SUB031,SEC035,FAC071,ROOM029,Thursday,1,09:00-10:00
TT1040,CRS347,SUB037,SEC035,FAC061,ROOM029,Thursday,2,10:00-11:00
TT1041,CRS344,SUB034,SEC035,FAC058,ROOM029,Thursday,3,11:15-12:15
TT1042,CRS348,SUB038,SEC035,FAC062,ROOM029,Thursday,4,12:15-01:15
TT1043,CRS349,SUB039,SEC035,FAC063,ROOM029,Thursday,5,02:00-03:00
TT1044,CRS342,SUB032,SEC035,FAC072,ROOM029,Thursday,6,03:00-04:00
TT1045,CRS349,SUB039,SEC035,FAC063,ROOM029,Friday,1,09:00-10:00
TT1046,CRS346,SUB036,SEC035,FAC060,ROOM029,Friday,2,10:00-11:00
TT1047,CRS350,SUB040,SEC035,FAC064,ROOM029,Friday,3,11:15-12:15
TT1048,CRS343,SUB033,SEC035,FAC057,ROOM029,Friday,4,12:15-01:15
TT1049,CRS342,SUB032,SEC035,FAC072,ROOM029,Friday,5,02:00-03:00
TT1050,CRS344,SUB034,SEC035,FAC058,ROOM029,Friday,6,03:00-04:00
TT1051,CRS352,SUB032,SEC036,FAC072,ROOM030,Monday,1,09:00-10:00
TT1052,CRS359,SUB039,SEC036,FAC063,ROOM030,Monday,2,10:00-11:00
TT1053,CRS360,SUB040,SEC036,FAC064,ROOM030,Monday,3,11:15-12:15
TT1054,CRS355,SUB035,SEC036,FAC059,ROOM030,Monday,4,12:15-01:15
TT1055,CRS353,SUB033,SEC036,FAC057,ROOM030,Monday,5,02:00-03:00
TT1056,CRS360,SUB040,SEC036,FAC064,ROOM030,Monday,6,03:00-04:00
TT1057,CRS356,SUB036,SEC036,FAC060,ROOM030,Tuesday,1,09:00-10:00
TT1058,CRS357,SUB037,SEC036,FAC061,ROOM030,Tuesday,2,10:00-11:00
TT1059,CRS357,SUB037,SEC036,FAC061,ROOM030,Tuesday,3,11:15-12:15
TT1060,CRS358,SUB038,SEC036,FAC062,ROOM030,Tuesday,4,12:15-01:15
TT1061,CRS352,SUB032,SEC036,FAC072,ROOM030,Tuesday,5,02:00-03:00
TT1062,CRS352,SUB032,SEC036,FAC072,ROOM030,Tuesday,6,03:00-04:00
TT1063,CRS354,SUB034,SEC036,FAC058,ROOM030,Wednesday,1,09:00-10:00
TT1064,CRS357,SUB037,SEC036,FAC061,ROOM030,Wednesday,2,10:00-11:00
TT1065,CRS358,SUB038,SEC036,FAC062,ROOM030,Wednesday,3,11:15-12:15
TT1066,CRS351,SUB031,SEC036,FAC071,ROOM030,Wednesday,4,12:15-01:15
TT1067,CRS359,SUB039,SEC036,FAC063,ROOM030,Wednesday,5,02:00-03:00
TT1068,CRS354,SUB034,SEC036,FAC058,ROOM030,Wednesday,6,03:00-04:00
TT1069,CRS358,SUB038,SEC036,FAC062,ROOM030,Thursday,1,09:00-10:00
TT1070,CRS360,SUB040,SEC036,FAC064,ROOM030,Thursday,2,10:00-11:00
TT1071,CRS354,SUB034,SEC036,FAC058,ROOM030,Thursday,3,11:15-12:15
TT1072,CRS355,SUB035,SEC036,FAC059,ROOM030,Thursday,4,12:15-01:15
TT1073,CRS357,SUB037,SEC036,FAC061,ROOM030,Thursday,5,02:00-03:00
TT1074,CRS353,SUB033,SEC036,FAC057,ROOM030,Thursday,6,03:00-04:00
TT1075,CRS358,SUB038,SEC036,FAC062,ROOM030,Friday,1,09:00-10:00
TT1076,CRS356,SUB036,SEC036,FAC060,ROOM030,Friday,2,10:00-11:00
TT1077,CRS352,SUB032,SEC036,FAC072,ROOM030,Friday,3,11:15-12:15
TT1078,CRS353,SUB033,SEC036,FAC057,ROOM030,Friday,4,12:15-01:15
TT1079,CRS351,SUB031,SEC036,FAC071,ROOM030,Friday,5,02:00-03:00
TT1080,CRS356,SUB036,SEC036,FAC060,ROOM030,Friday,6,03:00-04:00
TT1081,CRS369,SUB009,SEC037,FAC081,ROOM031,Monday,1,09:00-10:00
TT1082,CRS362,SUB002,SEC037,FAC074,ROOM031,Monday,2,10:00-11:00
TT1083,CRS365,SUB005,SEC037,FAC077,ROOM031,Monday,3,11:15-12:15
TT1084,CRS363,SUB003,SEC037,FAC075,ROOM031,Monday,4,12:15-01:15
TT1085,CRS364,SUB004,SEC037,FAC076,ROOM031,Monday,5,02:00-03:00
TT1086,CRS366,SUB006,SEC037,FAC078,ROOM031,Monday,6,03:00-04:00
TT1087,CRS367,SUB007,SEC037,FAC079,ROOM031,Tuesday,1,09:00-10:00
TT1088,CRS363,SUB003,SEC037,FAC075,ROOM031,Tuesday,2,10:00-11:00
TT1089,CRS361,SUB001,SEC037,FAC073,ROOM031,Tuesday,3,11:15-12:15
TT1090,CRS362,SUB002,SEC037,FAC074,ROOM031,Tuesday,4,12:15-01:15
TT1091,CRS361,SUB001,SEC037,FAC073,ROOM031,Tuesday,5,02:00-03:00
TT1092,CRS368,SUB008,SEC037,FAC080,ROOM031,Tuesday,6,03:00-04:00
TT1093,CRS364,SUB004,SEC037,FAC076,ROOM031,Wednesday,1,09:00-10:00
TT1094,CRS366,SUB006,SEC037,FAC078,ROOM031,Wednesday,2,10:00-11:00
TT1095,CRS364,SUB004,SEC037,FAC076,ROOM031,Wednesday,3,11:15-12:15
TT1096,CRS365,SUB005,SEC037,FAC077,ROOM031,Wednesday,4,12:15-01:15
TT1097,CRS362,SUB002,SEC037,FAC074,ROOM031,Wednesday,5,02:00-03:00
TT1098,CRS366,SUB006,SEC037,FAC078,ROOM031,Wednesday,6,03:00-04:00
TT1099,CRS365,SUB005,SEC037,FAC077,ROOM031,Thursday,1,09:00-10:00
TT1100,CRS367,SUB007,SEC037,FAC079,ROOM031,Thursday,2,10:00-11:00
TT1101,CRS369,SUB009,SEC037,FAC081,ROOM031,Thursday,3,11:15-12:15
TT1102,CRS364,SUB004,SEC037,FAC076,ROOM031,Thursday,4,12:15-01:15
TT1103,CRS366,SUB006,SEC037,FAC078,ROOM031,Thursday,5,02:00-03:00
TT1104,CRS361,SUB001,SEC037,FAC073,ROOM031,Thursday,6,03:00-04:00
TT1105,CRS363,SUB003,SEC037,FAC075,ROOM031,Friday,1,09:00-10:00
TT1106,CRS362,SUB002,SEC037,FAC074,ROOM031,Friday,2,10:00-11:00
TT1107,CRS368,SUB008,SEC037,FAC080,ROOM031,Friday,3,11:15-12:15
TT1108,CRS363,SUB003,SEC037,FAC075,ROOM031,Friday,4,12:15-01:15
TT1109,CRS363,SUB003,SEC037,FAC075,ROOM031,Friday,5,02:00-03:00
TT1110,CRS367,SUB007,SEC037,FAC079,ROOM031,Friday,6,03:00-04:00
TT1111,CRS380,SUB020,SEC038,FAC082,ROOM032,Monday,1,09:00-10:00
TT1112,CRS376,SUB016,SEC038,FAC078,ROOM032,Monday,2,10:00-11:00
TT1113,CRS376,SUB016,SEC038,FAC078,ROOM032,Monday,3,11:15-12:15
TT1114,CRS378,SUB018,SEC038,FAC080,ROOM032,Monday,4,12:15-01:15
TT1115,CRS376,SUB016,SEC038,FAC078,ROOM032,Monday,5,02:00-03:00
TT1116,CRS377,SUB017,SEC038,FAC079,ROOM032,Monday,6,03:00-04:00
TT1117,CRS377,SUB017,SEC038,FAC079,ROOM032,Tuesday,1,09:00-10:00
TT1118,CRS380,SUB020,SEC038,FAC082,ROOM032,Tuesday,2,10:00-11:00
TT1119,CRS374,SUB014,SEC038,FAC076,ROOM032,Tuesday,3,11:15-12:15
TT1120,CRS375,SUB015,SEC038,FAC077,ROOM032,Tuesday,4,12:15-01:15
TT1121,CRS371,SUB011,SEC038,FAC073,ROOM032,Tuesday,5,02:00-03:00
TT1122,CRS371,SUB011,SEC038,FAC073,ROOM032,Tuesday,6,03:00-04:00
TT1123,CRS371,SUB011,SEC038,FAC073,ROOM032,Wednesday,1,09:00-10:00
TT1124,CRS371,SUB011,SEC038,FAC073,ROOM032,Wednesday,2,10:00-11:00
TT1125,CRS378,SUB018,SEC038,FAC080,ROOM032,Wednesday,3,11:15-12:15
TT1126,CRS380,SUB020,SEC038,FAC082,ROOM032,Wednesday,4,12:15-01:15
TT1127,CRS373,SUB013,SEC038,FAC075,ROOM032,Wednesday,5,02:00-03:00
TT1128,CRS379,SUB019,SEC038,FAC081,ROOM032,Wednesday,6,03:00-04:00
TT1129,CRS379,SUB019,SEC038,FAC081,ROOM032,Thursday,1,09:00-10:00
TT1130,CRS372,SUB012,SEC038,FAC074,ROOM032,Thursday,2,10:00-11:00
TT1131,CRS373,SUB013,SEC038,FAC075,ROOM032,Thursday,3,11:15-12:15
TT1132,CRS375,SUB015,SEC038,FAC077,ROOM032,Thursday,4,12:15-01:15
TT1133,CRS379,SUB019,SEC038,FAC081,ROOM032,Thursday,5,02:00-03:00
TT1134,CRS380,SUB020,SEC038,FAC082,ROOM032,Thursday,6,03:00-04:00
TT1135,CRS372,SUB012,SEC038,FAC074,ROOM032,Friday,1,09:00-10:00
TT1136,CRS374,SUB014,SEC038,FAC076,ROOM032,Friday,2,10:00-11:00
TT1137,CRS373,SUB013,SEC038,FAC075,ROOM032,Friday,3,11:15-12:15
TT1138,CRS376,SUB016,SEC038,FAC078,ROOM032,Friday,4,12:15-01:15
TT1139,CRS377,SUB017,SEC038,FAC079,ROOM032,Friday,5,02:00-03:00
TT1140,CRS375,SUB015,SEC038,FAC077,ROOM032,Friday,6,03:00-04:00
TT1141,CRS389,SUB029,SEC039,FAC081,ROOM033,Monday,1,09:00-10:00
TT1142,CRS382,SUB022,SEC039,FAC074,ROOM033,Monday,2,10:00-11:00
TT1143,CRS386,SUB026,SEC039,FAC078,ROOM033,Monday,3,11:15-12:15
TT1144,CRS387,SUB027,SEC039,FAC079,ROOM033,Monday,4,12:15-01:15
TT1145,CRS388,SUB028,SEC039,FAC080,ROOM033,Monday,5,02:00-03:00
TT1146,CRS384,SUB024,SEC039,FAC076,ROOM033,Monday,6,03:00-04:00
TT1147,CRS385,SUB025,SEC039,FAC077,ROOM033,Tuesday,1,09:00-10:00
TT1148,CRS390,SUB030,SEC039,FAC082,ROOM033,Tuesday,2,10:00-11:00
TT1149,CRS381,SUB021,SEC039,FAC073,ROOM033,Tuesday,3,11:15-12:15
TT1150,CRS384,SUB024,SEC039,FAC076,ROOM033,Tuesday,4,12:15-01:15
TT1151,CRS388,SUB028,SEC039,FAC080,ROOM033,Tuesday,5,02:00-03:00
TT1152,CRS387,SUB027,SEC039,FAC079,ROOM033,Tuesday,6,03:00-04:00
TT1153,CRS389,SUB029,SEC039,FAC081,ROOM033,Wednesday,1,09:00-10:00
TT1154,CRS383,SUB023,SEC039,FAC075,ROOM033,Wednesday,2,10:00-11:00
TT1155,CRS388,SUB028,SEC039,FAC080,ROOM033,Wednesday,3,11:15-12:15
TT1156,CRS383,SUB023,SEC039,FAC075,ROOM033,Wednesday,4,12:15-01:15
TT1157,CRS386,SUB026,SEC039,FAC078,ROOM033,Wednesday,5,02:00-03:00
TT1158,CRS385,SUB025,SEC039,FAC077,ROOM033,Wednesday,6,03:00-04:00
TT1159,CRS390,SUB030,SEC039,FAC082,ROOM033,Thursday,1,09:00-10:00
TT1160,CRS385,SUB025,SEC039,FAC077,ROOM033,Thursday,2,10:00-11:00
TT1161,CRS384,SUB024,SEC039,FAC076,ROOM033,Thursday,3,11:15-12:15
TT1162,CRS387,SUB027,SEC039,FAC079,ROOM033,Thursday,4,12:15-01:15
TT1163,CRS381,SUB021,SEC039,FAC073,ROOM033,Thursday,5,02:00-03:00
TT1164,CRS389,SUB029,SEC039,FAC081,ROOM033,Thursday,6,03:00-04:00
TT1165,CRS381,SUB021,SEC039,FAC073,ROOM033,Friday,1,09:00-10:00
TT1166,CRS382,SUB022,SEC039,FAC074,ROOM033,Friday,2,10:00-11:00
TT1167,CRS387,SUB027,SEC039,FAC079,ROOM033,Friday,3,11:15-12:15
TT1168,CRS383,SUB023,SEC039,FAC075,ROOM033,Friday,4,12:15-01:15
TT1169,CRS390,SUB030,SEC039,FAC082,ROOM033,Friday,5,02:00-03:00
TT1170,CRS388,SUB028,SEC039,FAC080,ROOM033,Friday,6,03:00-04:00
TT1171,CRS399,SUB039,SEC040,FAC081,ROOM034,Monday,1,09:00-10:00
TT1172,CRS395,SUB035,SEC040,FAC077,ROOM034,Monday,2,10:00-11:00
TT1173,CRS396,SUB036,SEC040,FAC078,ROOM034,Monday,3,11:15-12:15
TT1174,CRS394,SUB034,SEC040,FAC076,ROOM034,Monday,4,12:15-01:15
TT1175,CRS391,SUB031,SEC040,FAC073,ROOM034,Monday,5,02:00-03:00
TT1176,CRS400,SUB040,SEC040,FAC082,ROOM034,Monday,6,03:00-04:00
TT1177,CRS397,SUB037,SEC040,FAC079,ROOM034,Tuesday,1,09:00-10:00
TT1178,CRS399,SUB039,SEC040,FAC081,ROOM034,Tuesday,2,10:00-11:00
TT1179,CRS396,SUB036,SEC040,FAC078,ROOM034,Tuesday,3,11:15-12:15
TT1180,CRS399,SUB039,SEC040,FAC081,ROOM034,Tuesday,4,12:15-01:15
TT1181,CRS397,SUB037,SEC040,FAC079,ROOM034,Tuesday,5,02:00-03:00
TT1182,CRS399,SUB039,SEC040,FAC081,ROOM034,Tuesday,6,03:00-04:00
TT1183,CRS396,SUB036,SEC040,FAC078,ROOM034,Wednesday,1,09:00-10:00
TT1184,CRS394,SUB034,SEC040,FAC076,ROOM034,Wednesday,2,10:00-11:00
TT1185,CRS392,SUB032,SEC040,FAC074,ROOM034,Wednesday,3,11:15-12:15
TT1186,CRS397,SUB037,SEC040,FAC079,ROOM034,Wednesday,4,12:15-01:15
TT1187,CRS400,SUB040,SEC040,FAC082,ROOM034,Wednesday,5,02:00-03:00
TT1188,CRS397,SUB037,SEC040,FAC079,ROOM034,Wednesday,6,03:00-04:00
TT1189,CRS391,SUB031,SEC040,FAC073,ROOM034,Thursday,1,09:00-10:00
TT1190,CRS392,SUB032,SEC040,FAC074,ROOM034,Thursday,2,10:00-11:00
TT1191,CRS398,SUB038,SEC040,FAC080,ROOM034,Thursday,3,11:15-12:15
TT1192,CRS393,SUB033,SEC040,FAC075,ROOM034,Thursday,4,12:15-01:15
TT1193,CRS391,SUB031,SEC040,FAC073,ROOM034,Thursday,5,02:00-03:00
TT1194,CRS395,SUB035,SEC040,FAC077,ROOM034,Thursday,6,03:00-04:00
TT1195,CRS391,SUB031,SEC040,FAC073,ROOM034,Friday,1,09:00-10:00
TT1196,CRS398,SUB038,SEC040,FAC080,ROOM034,Friday,2,10:00-11:00
TT1197,CRS394,SUB034,SEC040,FAC076,ROOM034,Friday,3,11:15-12:15
TT1198,CRS398,SUB038,SEC040,FAC080,ROOM034,Friday,4,12:15-01:15
TT1199,CRS399,SUB039,SEC040,FAC081,ROOM034,Friday,5,02:00-03:00
TT1200,CRS400,SUB040,SEC040,FAC082,ROOM034,Friday,6,03:00-04:00
TT1201,CRS409,SUB049,SEC041,FAC091,ROOM001,Monday,1,09:00-10:00
TT1202,CRS406,SUB046,SEC041,FAC088,ROOM001,Monday,2,10:00-11:00
TT1203,CRS408,SUB048,SEC041,FAC090,ROOM001,Monday,3,11:15-12:15
TT1204,CRS407,SUB047,SEC041,FAC089,ROOM001,Monday,4,12:15-01:15
TT1205,CRS405,SUB045,SEC041,FAC087,ROOM001,Monday,5,02:00-03:00
TT1206,CRS406,SUB046,SEC041,FAC088,ROOM001,Monday,6,03:00-04:00
TT1207,CRS405,SUB045,SEC041,FAC087,ROOM001,Tuesday,1,09:00-10:00
TT1208,CRS404,SUB044,SEC041,FAC086,ROOM001,Tuesday,2,10:00-11:00
TT1209,CRS406,SUB046,SEC041,FAC088,ROOM001,Tuesday,3,11:15-12:15
TT1210,CRS408,SUB048,SEC041,FAC090,ROOM001,Tuesday,4,12:15-01:15
TT1211,CRS403,SUB043,SEC041,FAC085,ROOM001,Tuesday,5,02:00-03:00
TT1212,CRS410,SUB050,SEC041,FAC092,ROOM001,Tuesday,6,03:00-04:00
TT1213,CRS404,SUB044,SEC041,FAC086,ROOM001,Wednesday,1,09:00-10:00
TT1214,CRS406,SUB046,SEC041,FAC088,ROOM001,Wednesday,2,10:00-11:00
TT1215,CRS404,SUB044,SEC041,FAC086,ROOM001,Wednesday,3,11:15-12:15
TT1216,CRS410,SUB050,SEC041,FAC092,ROOM001,Wednesday,4,12:15-01:15
TT1217,CRS402,SUB042,SEC041,FAC084,ROOM001,Wednesday,5,02:00-03:00
TT1218,CRS402,SUB042,SEC041,FAC084,ROOM001,Wednesday,6,03:00-04:00
TT1219,CRS408,SUB048,SEC041,FAC090,ROOM001,Thursday,1,09:00-10:00
TT1220,CRS409,SUB049,SEC041,FAC091,ROOM001,Thursday,2,10:00-11:00
TT1221,CRS401,SUB041,SEC041,FAC083,ROOM001,Thursday,3,11:15-12:15
TT1222,CRS409,SUB049,SEC041,FAC091,ROOM001,Thursday,4,12:15-01:15
TT1223,CRS403,SUB043,SEC041,FAC085,ROOM001,Thursday,5,02:00-03:00
TT1224,CRS402,SUB042,SEC041,FAC084,ROOM001,Thursday,6,03:00-04:00
TT1225,CRS405,SUB045,SEC041,FAC087,ROOM001,Friday,1,09:00-10:00
TT1226,CRS408,SUB048,SEC041,FAC090,ROOM001,Friday,2,10:00-11:00
TT1227,CRS410,SUB050,SEC041,FAC092,ROOM001,Friday,3,11:15-12:15
TT1228,CRS409,SUB049,SEC041,FAC091,ROOM001,Friday,4,12:15-01:15
TT1229,CRS403,SUB043,SEC041,FAC085,ROOM001,Friday,5,02:00-03:00
TT1230,CRS409,SUB049,SEC041,FAC091,ROOM001,Friday,6,03:00-04:00
TT1231,CRS417,SUB047,SEC042,FAC089,ROOM002,Monday,1,09:00-10:00
TT1232,CRS413,SUB043,SEC042,FAC085,ROOM002,Monday,2,10:00-11:00
TT1233,CRS419,SUB049,SEC042,FAC091,ROOM002,Monday,3,11:15-12:15
TT1234,CRS413,SUB043,SEC042,FAC085,ROOM002,Monday,4,12:15-01:15
TT1235,CRS413,SUB043,SEC042,FAC085,ROOM002,Monday,5,02:00-03:00
TT1236,CRS411,SUB041,SEC042,FAC083,ROOM002,Monday,6,03:00-04:00
TT1237,CRS419,SUB049,SEC042,FAC091,ROOM002,Tuesday,1,09:00-10:00
TT1238,CRS411,SUB041,SEC042,FAC083,ROOM002,Tuesday,2,10:00-11:00
TT1239,CRS415,SUB045,SEC042,FAC087,ROOM002,Tuesday,3,11:15-12:15
TT1240,CRS416,SUB046,SEC042,FAC088,ROOM002,Tuesday,4,12:15-01:15
TT1241,CRS411,SUB041,SEC042,FAC083,ROOM002,Tuesday,5,02:00-03:00
TT1242,CRS412,SUB042,SEC042,FAC084,ROOM002,Tuesday,6,03:00-04:00
TT1243,CRS418,SUB048,SEC042,FAC090,ROOM002,Wednesday,1,09:00-10:00
TT1244,CRS413,SUB043,SEC042,FAC085,ROOM002,Wednesday,2,10:00-11:00
TT1245,CRS416,SUB046,SEC042,FAC088,ROOM002,Wednesday,3,11:15-12:15
TT1246,CRS412,SUB042,SEC042,FAC084,ROOM002,Wednesday,4,12:15-01:15
TT1247,CRS418,SUB048,SEC042,FAC090,ROOM002,Wednesday,5,02:00-03:00
TT1248,CRS412,SUB042,SEC042,FAC084,ROOM002,Wednesday,6,03:00-04:00
TT1249,CRS412,SUB042,SEC042,FAC084,ROOM002,Thursday,1,09:00-10:00
TT1250,CRS420,SUB050,SEC042,FAC092,ROOM002,Thursday,2,10:00-11:00
TT1251,CRS415,SUB045,SEC042,FAC087,ROOM002,Thursday,3,11:15-12:15
TT1252,CRS417,SUB047,SEC042,FAC089,ROOM002,Thursday,4,12:15-01:15
TT1253,CRS413,SUB043,SEC042,FAC085,ROOM002,Thursday,5,02:00-03:00
TT1254,CRS419,SUB049,SEC042,FAC091,ROOM002,Thursday,6,03:00-04:00
TT1255,CRS415,SUB045,SEC042,FAC087,ROOM002,Friday,1,09:00-10:00
TT1256,CRS416,SUB046,SEC042,FAC088,ROOM002,Friday,2,10:00-11:00
TT1257,CRS414,SUB044,SEC042,FAC086,ROOM002,Friday,3,11:15-12:15
TT1258,CRS412,SUB042,SEC042,FAC084,ROOM002,Friday,4,12:15-01:15
TT1259,CRS419,SUB049,SEC042,FAC091,ROOM002,Friday,5,02:00-03:00
TT1260,CRS417,SUB047,SEC042,FAC089,ROOM002,Friday,6,03:00-04:00
TT1261,CRS429,SUB059,SEC043,FAC089,ROOM003,Monday,1,09:00-10:00
TT1262,CRS430,SUB060,SEC043,FAC090,ROOM003,Monday,2,10:00-11:00
TT1263,CRS430,SUB060,SEC043,FAC090,ROOM003,Monday,3,11:15-12:15
TT1264,CRS423,SUB053,SEC043,FAC083,ROOM003,Monday,4,12:15-01:15
TT1265,CRS423,SUB053,SEC043,FAC083,ROOM003,Monday,5,02:00-03:00
TT1266,CRS422,SUB052,SEC043,FAC094,ROOM003,Monday,6,03:00-04:00
TT1267,CRS430,SUB060,SEC043,FAC090,ROOM003,Tuesday,1,09:00-10:00
TT1268,CRS425,SUB055,SEC043,FAC085,ROOM003,Tuesday,2,10:00-11:00
TT1269,CRS429,SUB059,SEC043,FAC089,ROOM003,Tuesday,3,11:15-12:15
TT1270,CRS428,SUB058,SEC043,FAC088,ROOM003,Tuesday,4,12:15-01:15
TT1271,CRS426,SUB056,SEC043,FAC086,ROOM003,Tuesday,5,02:00-03:00
TT1272,CRS429,SUB059,SEC043,FAC089,ROOM003,Tuesday,6,03:00-04:00
TT1273,CRS428,SUB058,SEC043,FAC088,ROOM003,Wednesday,1,09:00-10:00
TT1274,CRS421,SUB051,SEC043,FAC093,ROOM003,Wednesday,2,10:00-11:00
TT1275,CRS428,SUB058,SEC043,FAC088,ROOM003,Wednesday,3,11:15-12:15
TT1276,CRS426,SUB056,SEC043,FAC086,ROOM003,Wednesday,4,12:15-01:15
TT1277,CRS429,SUB059,SEC043,FAC089,ROOM003,Wednesday,5,02:00-03:00
TT1278,CRS426,SUB056,SEC043,FAC086,ROOM003,Wednesday,6,03:00-04:00
TT1279,CRS422,SUB052,SEC043,FAC094,ROOM003,Thursday,1,09:00-10:00
TT1280,CRS423,SUB053,SEC043,FAC083,ROOM003,Thursday,2,10:00-11:00
TT1281,CRS421,SUB051,SEC043,FAC093,ROOM003,Thursday,3,11:15-12:15
TT1282,CRS424,SUB054,SEC043,FAC084,ROOM003,Thursday,4,12:15-01:15
TT1283,CRS426,SUB056,SEC043,FAC086,ROOM003,Thursday,5,02:00-03:00
TT1284,CRS421,SUB051,SEC043,FAC093,ROOM003,Thursday,6,03:00-04:00
TT1285,CRS425,SUB055,SEC043,FAC085,ROOM003,Friday,1,09:00-10:00
TT1286,CRS427,SUB057,SEC043,FAC087,ROOM003,Friday,2,10:00-11:00
TT1287,CRS426,SUB056,SEC043,FAC086,ROOM003,Friday,3,11:15-12:15
TT1288,CRS423,SUB053,SEC043,FAC083,ROOM003,Friday,4,12:15-01:15
TT1289,CRS427,SUB057,SEC043,FAC087,ROOM003,Friday,5,02:00-03:00
TT1290,CRS428,SUB058,SEC043,FAC088,ROOM003,Friday,6,03:00-04:00
TT1291,CRS439,SUB059,SEC044,FAC089,ROOM004,Monday,1,09:00-10:00
TT1292,CRS432,SUB052,SEC044,FAC094,ROOM004,Monday,2,10:00-11:00
TT1293,CRS438,SUB058,SEC044,FAC088,ROOM004,Monday,3,11:15-12:15
TT1294,CRS431,SUB051,SEC044,FAC093,ROOM004,Monday,4,12:15-01:15
TT1295,CRS436,SUB056,SEC044,FAC086,ROOM004,Monday,5,02:00-03:00
TT1296,CRS431,SUB051,SEC044,FAC093,ROOM004,Monday,6,03:00-04:00
TT1297,CRS434,SUB054,SEC044,FAC084,ROOM004,Tuesday,1,09:00-10:00
TT1298,CRS436,SUB056,SEC044,FAC086,ROOM004,Tuesday,2,10:00-11:00
TT1299,CRS432,SUB052,SEC044,FAC094,ROOM004,Tuesday,3,11:15-12:15
TT1300,CRS439,SUB059,SEC044,FAC089,ROOM004,Tuesday,4,12:15-01:15
TT1301,CRS440,SUB060,SEC044,FAC090,ROOM004,Tuesday,5,02:00-03:00
TT1302,CRS440,SUB060,SEC044,FAC090,ROOM004,Tuesday,6,03:00-04:00
TT1303,CRS439,SUB059,SEC044,FAC089,ROOM004,Wednesday,1,09:00-10:00
TT1304,CRS431,SUB051,SEC044,FAC093,ROOM004,Wednesday,2,10:00-11:00
TT1305,CRS438,SUB058,SEC044,FAC088,ROOM004,Wednesday,3,11:15-12:15
TT1306,CRS433,SUB053,SEC044,FAC083,ROOM004,Wednesday,4,12:15-01:15
TT1307,CRS437,SUB057,SEC044,FAC087,ROOM004,Wednesday,5,02:00-03:00
TT1308,CRS434,SUB054,SEC044,FAC084,ROOM004,Wednesday,6,03:00-04:00
TT1309,CRS438,SUB058,SEC044,FAC088,ROOM004,Thursday,1,09:00-10:00
TT1310,CRS440,SUB060,SEC044,FAC090,ROOM004,Thursday,2,10:00-11:00
TT1311,CRS432,SUB052,SEC044,FAC094,ROOM004,Thursday,3,11:15-12:15
TT1312,CRS435,SUB055,SEC044,FAC085,ROOM004,Thursday,4,12:15-01:15
TT1313,CRS436,SUB056,SEC044,FAC086,ROOM004,Thursday,5,02:00-03:00
TT1314,CRS435,SUB055,SEC044,FAC085,ROOM004,Thursday,6,03:00-04:00
TT1315,CRS436,SUB056,SEC044,FAC086,ROOM004,Friday,1,09:00-10:00
TT1316,CRS435,SUB055,SEC044,FAC085,ROOM004,Friday,2,10:00-11:00
TT1317,CRS438,SUB058,SEC044,FAC088,ROOM004,Friday,3,11:15-12:15
TT1318,CRS437,SUB057,SEC044,FAC087,ROOM004,Friday,4,12:15-01:15
TT1319,CRS433,SUB053,SEC044,FAC083,ROOM004,Friday,5,02:00-03:00
TT1320,CRS434,SUB054,SEC044,FAC084,ROOM004,Friday,6,03:00-04:00
TT1321,CRS450,SUB070,SEC045,FAC088,ROOM005,Monday,1,09:00-10:00
TT1322,CRS445,SUB065,SEC045,FAC083,ROOM005,Monday,2,10:00-11:00
TT1323,CRS441,SUB061,SEC045,FAC091,ROOM005,Monday,3,11:15-12:15
TT1324,CRS447,SUB067,SEC045,FAC085,ROOM005,Monday,4,12:15-01:15
TT1325,CRS442,SUB062,SEC045,FAC092,ROOM005,Monday,5,02:00-03:00
TT1326,CRS445,SUB065,SEC045,FAC083,ROOM005,Monday,6,03:00-04:00
TT1327,CRS444,SUB064,SEC045,FAC094,ROOM005,Tuesday,1,09:00-10:00
TT1328,CRS450,SUB070,SEC045,FAC088,ROOM005,Tuesday,2,10:00-11:00
TT1329,CRS443,SUB063,SEC045,FAC093,ROOM005,Tuesday,3,11:15-12:15
TT1330,CRS443,SUB063,SEC045,FAC093,ROOM005,Tuesday,4,12:15-01:15
TT1331,CRS442,SUB062,SEC045,FAC092,ROOM005,Tuesday,5,02:00-03:00
TT1332,CRS441,SUB061,SEC045,FAC091,ROOM005,Tuesday,6,03:00-04:00
TT1333,CRS444,SUB064,SEC045,FAC094,ROOM005,Wednesday,1,09:00-10:00
TT1334,CRS449,SUB069,SEC045,FAC087,ROOM005,Wednesday,2,10:00-11:00
TT1335,CRS446,SUB066,SEC045,FAC084,ROOM005,Wednesday,3,11:15-12:15
TT1336,CRS446,SUB066,SEC045,FAC084,ROOM005,Wednesday,4,12:15-01:15
TT1337,CRS444,SUB064,SEC045,FAC094,ROOM005,Wednesday,5,02:00-03:00
TT1338,CRS446,SUB066,SEC045,FAC084,ROOM005,Wednesday,6,03:00-04:00
TT1339,CRS442,SUB062,SEC045,FAC092,ROOM005,Thursday,1,09:00-10:00
TT1340,CRS448,SUB068,SEC045,FAC086,ROOM005,Thursday,2,10:00-11:00
TT1341,CRS449,SUB069,SEC045,FAC087,ROOM005,Thursday,3,11:15-12:15
TT1342,CRS443,SUB063,SEC045,FAC093,ROOM005,Thursday,4,12:15-01:15
TT1343,CRS441,SUB061,SEC045,FAC091,ROOM005,Thursday,5,02:00-03:00
TT1344,CRS442,SUB062,SEC045,FAC092,ROOM005,Thursday,6,03:00-04:00
TT1345,CRS450,SUB070,SEC045,FAC088,ROOM005,Friday,1,09:00-10:00
TT1346,CRS447,SUB067,SEC045,FAC085,ROOM005,Friday,2,10:00-11:00
TT1347,CRS448,SUB068,SEC045,FAC086,ROOM005,Friday,3,11:15-12:15
TT1348,CRS449,SUB069,SEC045,FAC087,ROOM005,Friday,4,12:15-01:15
TT1349,CRS447,SUB067,SEC045,FAC085,ROOM005,Friday,5,02:00-03:00
TT1350,CRS450,SUB070,SEC045,FAC088,ROOM005,Friday,6,03:00-04:00
TT1351,CRS460,SUB070,SEC046,FAC088,ROOM006,Monday,1,09:00-10:00
TT1352,CRS454,SUB064,SEC046,FAC094,ROOM006,Monday,2,10:00-11:00
TT1353,CRS456,SUB066,SEC046,FAC084,ROOM006,Monday,3,11:15-12:15
TT1354,CRS453,SUB063,SEC046,FAC093,ROOM006,Monday,4,12:15-01:15
TT1355,CRS455,SUB065,SEC046,FAC083,ROOM006,Monday,5,02:00-03:00
TT1356,CRS458,SUB068,SEC046,FAC086,ROOM006,Monday,6,03:00-04:00
TT1357,CRS459,SUB069,SEC046,FAC087,ROOM006,Tuesday,1,09:00-10:00
TT1358,CRS451,SUB061,SEC046,FAC091,ROOM006,Tuesday,2,10:00-11:00
TT1359,CRS460,SUB070,SEC046,FAC088,ROOM006,Tuesday,3,11:15-12:15
TT1360,CRS453,SUB063,SEC046,FAC093,ROOM006,Tuesday,4,12:15-01:15
TT1361,CRS454,SUB064,SEC046,FAC094,ROOM006,Tuesday,5,02:00-03:00
TT1362,CRS459,SUB069,SEC046,FAC087,ROOM006,Tuesday,6,03:00-04:00
TT1363,CRS458,SUB068,SEC046,FAC086,ROOM006,Wednesday,1,09:00-10:00
TT1364,CRS457,SUB067,SEC046,FAC085,ROOM006,Wednesday,2,10:00-11:00
TT1365,CRS459,SUB069,SEC046,FAC087,ROOM006,Wednesday,3,11:15-12:15
TT1366,CRS451,SUB061,SEC046,FAC091,ROOM006,Wednesday,4,12:15-01:15
TT1367,CRS452,SUB062,SEC046,FAC092,ROOM006,Wednesday,5,02:00-03:00
TT1368,CRS456,SUB066,SEC046,FAC084,ROOM006,Wednesday,6,03:00-04:00
TT1369,CRS457,SUB067,SEC046,FAC085,ROOM006,Thursday,1,09:00-10:00
TT1370,CRS453,SUB063,SEC046,FAC093,ROOM006,Thursday,2,10:00-11:00
TT1371,CRS455,SUB065,SEC046,FAC083,ROOM006,Thursday,3,11:15-12:15
TT1372,CRS452,SUB062,SEC046,FAC092,ROOM006,Thursday,4,12:15-01:15
TT1373,CRS460,SUB070,SEC046,FAC088,ROOM006,Thursday,5,02:00-03:00
TT1374,CRS453,SUB063,SEC046,FAC093,ROOM006,Thursday,6,03:00-04:00
TT1375,CRS453,SUB063,SEC046,FAC093,ROOM006,Friday,1,09:00-10:00
TT1376,CRS457,SUB067,SEC046,FAC085,ROOM006,Friday,2,10:00-11:00
TT1377,CRS455,SUB065,SEC046,FAC083,ROOM006,Friday,3,11:15-12:15
TT1378,CRS454,SUB064,SEC046,FAC094,ROOM006,Friday,4,12:15-01:15
TT1379,CRS451,SUB061,SEC046,FAC091,ROOM006,Friday,5,02:00-03:00
TT1380,CRS455,SUB065,SEC046,FAC083,ROOM006,Friday,6,03:00-04:00
TT1381,CRS464,SUB074,SEC047,FAC098,ROOM047,Monday,1,09:00-10:00
TT1382,CRS469,SUB079,SEC047,FAC103,ROOM047,Monday,2,10:00-11:00
TT1383,CRS465,SUB075,SEC047,FAC099,ROOM047,Monday,3,11:15-12:15
TT1384,CRS465,SUB075,SEC047,FAC099,ROOM047,Monday,4,12:15-01:15
TT1385,CRS468,SUB078,SEC047,FAC102,ROOM047,Monday,5,02:00-03:00
TT1386,CRS463,SUB073,SEC047,FAC097,ROOM047,Monday,6,03:00-04:00
TT1387,CRS467,SUB077,SEC047,FAC101,ROOM047,Tuesday,1,09:00-10:00
TT1388,CRS468,SUB078,SEC047,FAC102,ROOM047,Tuesday,2,10:00-11:00
TT1389,CRS464,SUB074,SEC047,FAC098,ROOM047,Tuesday,3,11:15-12:15
TT1390,CRS468,SUB078,SEC047,FAC102,ROOM047,Tuesday,4,12:15-01:15
TT1391,CRS464,SUB074,SEC047,FAC098,ROOM047,Tuesday,5,02:00-03:00
TT1392,CRS462,SUB072,SEC047,FAC096,ROOM047,Tuesday,6,03:00-04:00
TT1393,CRS466,SUB076,SEC047,FAC100,ROOM047,Wednesday,1,09:00-10:00
TT1394,CRS467,SUB077,SEC047,FAC101,ROOM047,Wednesday,2,10:00-11:00
TT1395,CRS469,SUB079,SEC047,FAC103,ROOM047,Wednesday,3,11:15-12:15
TT1396,CRS465,SUB075,SEC047,FAC099,ROOM047,Wednesday,4,12:15-01:15
TT1397,CRS466,SUB076,SEC047,FAC100,ROOM047,Wednesday,5,02:00-03:00
TT1398,CRS461,SUB071,SEC047,FAC095,ROOM047,Wednesday,6,03:00-04:00
TT1399,CRS470,SUB080,SEC047,FAC104,ROOM047,Thursday,1,09:00-10:00
TT1400,CRS466,SUB076,SEC047,FAC100,ROOM047,Thursday,2,10:00-11:00
TT1401,CRS470,SUB080,SEC047,FAC104,ROOM047,Thursday,3,11:15-12:15
TT1402,CRS469,SUB079,SEC047,FAC103,ROOM047,Thursday,4,12:15-01:15
TT1403,CRS463,SUB073,SEC047,FAC097,ROOM047,Thursday,5,02:00-03:00
TT1404,CRS461,SUB071,SEC047,FAC095,ROOM047,Thursday,6,03:00-04:00
TT1405,CRS462,SUB072,SEC047,FAC096,ROOM047,Friday,1,09:00-10:00
TT1406,CRS464,SUB074,SEC047,FAC098,ROOM047,Friday,2,10:00-11:00
TT1407,CRS461,SUB071,SEC047,FAC095,ROOM047,Friday,3,11:15-12:15
TT1408,CRS470,SUB080,SEC047,FAC104,ROOM047,Friday,4,12:15-01:15
TT1409,CRS465,SUB075,SEC047,FAC099,ROOM047,Friday,5,02:00-03:00
TT1410,CRS462,SUB072,SEC047,FAC096,ROOM047,Friday,6,03:00-04:00
TT1411,CRS476,SUB076,SEC048,FAC100,ROOM048,Monday,1,09:00-10:00
TT1412,CRS476,SUB076,SEC048,FAC100,ROOM048,Monday,2,10:00-11:00
TT1413,CRS479,SUB079,SEC048,FAC103,ROOM048,Monday,3,11:15-12:15
TT1414,CRS477,SUB077,SEC048,FAC101,ROOM048,Monday,4,12:15-01:15
TT1415,CRS479,SUB079,SEC048,FAC103,ROOM048,Monday,5,02:00-03:00
TT1416,CRS477,SUB077,SEC048,FAC101,ROOM048,Monday,6,03:00-04:00
TT1417,CRS477,SUB077,SEC048,FAC101,ROOM048,Tuesday,1,09:00-10:00
TT1418,CRS480,SUB080,SEC048,FAC104,ROOM048,Tuesday,2,10:00-11:00
TT1419,CRS473,SUB073,SEC048,FAC097,ROOM048,Tuesday,3,11:15-12:15
TT1420,CRS471,SUB071,SEC048,FAC095,ROOM048,Tuesday,4,12:15-01:15
TT1421,CRS471,SUB071,SEC048,FAC095,ROOM048,Tuesday,5,02:00-03:00
TT1422,CRS479,SUB079,SEC048,FAC103,ROOM048,Tuesday,6,03:00-04:00
TT1423,CRS477,SUB077,SEC048,FAC101,ROOM048,Wednesday,1,09:00-10:00
TT1424,CRS478,SUB078,SEC048,FAC102,ROOM048,Wednesday,2,10:00-11:00
TT1425,CRS480,SUB080,SEC048,FAC104,ROOM048,Wednesday,3,11:15-12:15
TT1426,CRS478,SUB078,SEC048,FAC102,ROOM048,Wednesday,4,12:15-01:15
TT1427,CRS480,SUB080,SEC048,FAC104,ROOM048,Wednesday,5,02:00-03:00
TT1428,CRS474,SUB074,SEC048,FAC098,ROOM048,Wednesday,6,03:00-04:00
TT1429,CRS474,SUB074,SEC048,FAC098,ROOM048,Thursday,1,09:00-10:00
TT1430,CRS476,SUB076,SEC048,FAC100,ROOM048,Thursday,2,10:00-11:00
TT1431,CRS474,SUB074,SEC048,FAC098,ROOM048,Thursday,3,11:15-12:15
TT1432,CRS478,SUB078,SEC048,FAC102,ROOM048,Thursday,4,12:15-01:15
TT1433,CRS473,SUB073,SEC048,FAC097,ROOM048,Thursday,5,02:00-03:00
TT1434,CRS474,SUB074,SEC048,FAC098,ROOM048,Thursday,6,03:00-04:00
TT1435,CRS475,SUB075,SEC048,FAC099,ROOM048,Friday,1,09:00-10:00
TT1436,CRS479,SUB079,SEC048,FAC103,ROOM048,Friday,2,10:00-11:00
TT1437,CRS472,SUB072,SEC048,FAC096,ROOM048,Friday,3,11:15-12:15
TT1438,CRS473,SUB073,SEC048,FAC097,ROOM048,Friday,4,12:15-01:15
TT1439,CRS476,SUB076,SEC048,FAC100,ROOM048,Friday,5,02:00-03:00
TT1440,CRS473,SUB073,SEC048,FAC097,ROOM048,Friday,6,03:00-04:00
TT1441,CRS485,SUB085,SEC049,FAC099,ROOM049,Monday,1,09:00-10:00
TT1442,CRS481,SUB081,SEC049,FAC095,ROOM049,Monday,2,10:00-11:00
TT1443,CRS482,SUB082,SEC049,FAC096,ROOM049,Monday,3,11:15-12:15
TT1444,CRS484,SUB084,SEC049,FAC098,ROOM049,Monday,4,12:15-01:15
TT1445,CRS489,SUB089,SEC049,FAC103,ROOM049,Monday,5,02:00-03:00
TT1446,CRS485,SUB085,SEC049,FAC099,ROOM049,Monday,6,03:00-04:00
TT1447,CRS488,SUB088,SEC049,FAC102,ROOM049,Tuesday,1,09:00-10:00
TT1448,CRS486,SUB086,SEC049,FAC100,ROOM049,Tuesday,2,10:00-11:00
TT1449,CRS490,SUB090,SEC049,FAC104,ROOM049,Tuesday,3,11:15-12:15
TT1450,CRS487,SUB087,SEC049,FAC101,ROOM049,Tuesday,4,12:15-01:15
TT1451,CRS490,SUB090,SEC049,FAC104,ROOM049,Tuesday,5,02:00-03:00
TT1452,CRS484,SUB084,SEC049,FAC098,ROOM049,Tuesday,6,03:00-04:00
TT1453,CRS490,SUB090,SEC049,FAC104,ROOM049,Wednesday,1,09:00-10:00
TT1454,CRS482,SUB082,SEC049,FAC096,ROOM049,Wednesday,2,10:00-11:00
TT1455,CRS481,SUB081,SEC049,FAC095,ROOM049,Wednesday,3,11:15-12:15
TT1456,CRS489,SUB089,SEC049,FAC103,ROOM049,Wednesday,4,12:15-01:15
TT1457,CRS484,SUB084,SEC049,FAC098,ROOM049,Wednesday,5,02:00-03:00
TT1458,CRS483,SUB083,SEC049,FAC097,ROOM049,Wednesday,6,03:00-04:00
TT1459,CRS482,SUB082,SEC049,FAC096,ROOM049,Thursday,1,09:00-10:00
TT1460,CRS481,SUB081,SEC049,FAC095,ROOM049,Thursday,2,10:00-11:00
TT1461,CRS482,SUB082,SEC049,FAC096,ROOM049,Thursday,3,11:15-12:15
TT1462,CRS487,SUB087,SEC049,FAC101,ROOM049,Thursday,4,12:15-01:15
TT1463,CRS484,SUB084,SEC049,FAC098,ROOM049,Thursday,5,02:00-03:00
TT1464,CRS485,SUB085,SEC049,FAC099,ROOM049,Thursday,6,03:00-04:00
TT1465,CRS483,SUB083,SEC049,FAC097,ROOM049,Friday,1,09:00-10:00
TT1466,CRS487,SUB087,SEC049,FAC101,ROOM049,Friday,2,10:00-11:00
TT1467,CRS483,SUB083,SEC049,FAC097,ROOM049,Friday,3,11:15-12:15
TT1468,CRS490,SUB090,SEC049,FAC104,ROOM049,Friday,4,12:15-01:15
TT1469,CRS490,SUB090,SEC049,FAC104,ROOM049,Friday,5,02:00-03:00
TT1470,CRS486,SUB086,SEC049,FAC100,ROOM049,Friday,6,03:00-04:00
TT1471,CRS499,SUB089,SEC050,FAC103,ROOM050,Monday,1,09:00-10:00
TT1472,CRS496,SUB086,SEC050,FAC100,ROOM050,Monday,2,10:00-11:00
TT1473,CRS499,SUB089,SEC050,FAC103,ROOM050,Monday,3,11:15-12:15
TT1474,CRS495,SUB085,SEC050,FAC099,ROOM050,Monday,4,12:15-01:15
TT1475,CRS492,SUB082,SEC050,FAC096,ROOM050,Monday,5,02:00-03:00
TT1476,CRS491,SUB081,SEC050,FAC095,ROOM050,Monday,6,03:00-04:00
TT1477,CRS493,SUB083,SEC050,FAC097,ROOM050,Tuesday,1,09:00-10:00
TT1478,CRS497,SUB087,SEC050,FAC101,ROOM050,Tuesday,2,10:00-11:00
TT1479,CRS498,SUB088,SEC050,FAC102,ROOM050,Tuesday,3,11:15-12:15
TT1480,CRS495,SUB085,SEC050,FAC099,ROOM050,Tuesday,4,12:15-01:15
TT1481,CRS491,SUB081,SEC050,FAC095,ROOM050,Tuesday,5,02:00-03:00
TT1482,CRS493,SUB083,SEC050,FAC097,ROOM050,Tuesday,6,03:00-04:00
TT1483,CRS500,SUB090,SEC050,FAC104,ROOM050,Wednesday,1,09:00-10:00
TT1484,CRS498,SUB088,SEC050,FAC102,ROOM050,Wednesday,2,10:00-11:00
TT1485,CRS497,SUB087,SEC050,FAC101,ROOM050,Wednesday,3,11:15-12:15
TT1486,CRS500,SUB090,SEC050,FAC104,ROOM050,Wednesday,4,12:15-01:15
TT1487,CRS494,SUB084,SEC050,FAC098,ROOM050,Wednesday,5,02:00-03:00
TT1488,CRS496,SUB086,SEC050,FAC100,ROOM050,Wednesday,6,03:00-04:00
TT1489,CRS492,SUB082,SEC050,FAC096,ROOM050,Thursday,1,09:00-10:00
TT1490,CRS498,SUB088,SEC050,FAC102,ROOM050,Thursday,2,10:00-11:00
TT1491,CRS495,SUB085,SEC050,FAC099,ROOM050,Thursday,3,11:15-12:15
TT1492,CRS493,SUB083,SEC050,FAC097,ROOM050,Thursday,4,12:15-01:15
TT1493,CRS491,SUB081,SEC050,FAC095,ROOM050,Thursday,5,02:00-03:00
TT1494,CRS496,SUB086,SEC050,FAC100,ROOM050,Thursday,6,03:00-04:00
TT1495,CRS499,SUB089,SEC050,FAC103,ROOM050,Friday,1,09:00-10:00
TT1496,CRS494,SUB084,SEC050,FAC098,ROOM050,Friday,2,10:00-11:00
TT1497,CRS497,SUB087,SEC050,FAC101,ROOM050,Friday,3,11:15-12:15
TT1498,CRS497,SUB087,SEC050,FAC101,ROOM050,Friday,4,12:15-01:15
TT1499,CRS495,SUB085,SEC050,FAC099,ROOM050,Friday,5,02:00-03:00
TT1500,CRS492,SUB082,SEC050,FAC096,ROOM050,Friday,6,03:00-04:00
